bd7533647fb48c92284c56d8eabe656cbf7a4096,DELETE,regular-file,notebooks/match_html_files/match_002d9eb4.html,288044,
e6157ac0708aa7d455867ffe638388bda56fea90,DELETE,regular-file,notebooks/match_html_files/match_009972a5.html,275419,
9a3d06fa2a03a44a8d738fc1037e7ebae61acdc4,DELETE,regular-file,notebooks/match_html_files/match_01213dc2.html,273186,
b193e604b673e2bf01a25943f5d5c15db8f16cda,DELETE,regular-file,notebooks/match_html_files/match_02765e6d.html,285009,
48ed997bb7bf144ceeb6e4303fb6a8f434aeb2ae,DELETE,regular-file,notebooks/match_html_files/match_033aefa6.html,274934,
60f477f9b64725b29571b025655a2db942983470,DELETE,regular-file,notebooks/match_html_files/match_0349e876.html,264353,
117012427179d32a225222a7a9f78e169c61c44c,DELETE,regular-file,notebooks/match_html_files/match_0438ac6f.html,267502,
460e49ee5f8de80cad77c6c59fc13ec3b51381b1,DELETE,regular-file,notebooks/match_html_files/match_04480428.html,277284,
7f8fa26ce9d1f030e72fa7bb3eec185e354d9a23,DELETE,regular-file,notebooks/match_html_files/match_04a87c26.html,287018,
63211dd3e01bcaa14d6afd95d63ac055196b44fe,DELETE,regular-file,notebooks/match_html_files/match_04d023e7.html,271423,
28d8ee4fc3dccfc37aa7e3c4c2227ecce071cd14,DELETE,regular-file,notebooks/match_html_files/match_064fab50.html,243481,
6c9d6cbd44c2be374172cc4b7be9e409bf40d5f7,DELETE,regular-file,notebooks/match_html_files/match_070a85c6.html,267225,
0bd6e208d838c42726723a75aabf9bcd37048512,DELETE,regular-file,notebooks/match_html_files/match_0790a1bc.html,288181,
66c1b0964b2cb3b23f452f1af14ce87d21a9de52,DELETE,regular-file,notebooks/match_html_files/match_083cf4ad.html,280095,
391f6e61df62757d8be175ad4fb56b718f0f9136,DELETE,regular-file,notebooks/match_html_files/match_08df8ebf.html,266832,
06de12c38c50a75313212307cb2821ab439059a0,DELETE,regular-file,notebooks/match_html_files/match_08f3e4ef.html,273893,
997a4b995ac2616f5fb0b52aa333710fce5fd1d6,DELETE,regular-file,notebooks/match_html_files/match_08f400cf.html,281091,
574ef08c21a25d2b4c41a5788b4da28ba0a8e417,DELETE,regular-file,notebooks/match_html_files/match_093ed426.html,263969,
6872df995f697f1778543dd632527e6785051937,DELETE,regular-file,notebooks/match_html_files/match_09ba17cd.html,269313,
fe14fb22ac308ad6f227097c462106ff0bf11509,DELETE,regular-file,notebooks/match_html_files/match_0a035412.html,282066,
d682b7c2085e0ffdac9a01a82104a4d589171688,DELETE,regular-file,notebooks/match_html_files/match_0a10a72f.html,274673,
65d1c8e5efbb9d801794cc2267b3ee7a56a49d3d,DELETE,regular-file,notebooks/match_html_files/match_0ab262a8.html,264141,
9d38d37a9e8342d08edf1a003d35ab339bbd8729,DELETE,regular-file,notebooks/match_html_files/match_0ac89923.html,267175,
7bae6b9a6e9c11d5645a7e929045d07cabf08ce3,DELETE,regular-file,notebooks/match_html_files/match_0b641a7e.html,270534,
93247630c46810414493e9aa4ddbc486eba8d2a2,DELETE,regular-file,notebooks/match_html_files/match_0c35f2f9.html,273907,
c059eb8b1a6a50e2418509d15b22d5d9aecbf77b,DELETE,regular-file,notebooks/match_html_files/match_0c4b6be9.html,274100,
0f8f895f0751cc3ad533231151188770f617d0d0,DELETE,regular-file,notebooks/match_html_files/match_0c666b52.html,285910,
ebfabbc89d212a54a450c25bda80cd596f5576d0,DELETE,regular-file,notebooks/match_html_files/match_0ca050d4.html,275457,
8ea938194aceb719f1c3a84d3871407680ce9fe9,DELETE,regular-file,notebooks/match_html_files/match_0d797bd7.html,276476,
4b5fff96bdc1bd74b144eed3ba8baa2b82cb3754,DELETE,regular-file,notebooks/match_html_files/match_0d86f760.html,288819,
b0dbe36960a6f412be1194f3105344c02303ed32,DELETE,regular-file,notebooks/match_html_files/match_0df8900f.html,291621,
180fb1b168041e47db0f16b0794979f179f9ca36,DELETE,regular-file,notebooks/match_html_files/match_0e4932ff.html,278230,
21af43844ecc4f5cca2c1992e5ab701cb583282d,DELETE,regular-file,notebooks/match_html_files/match_0e7fddc2.html,263168,
de832f8785814e2b1674af963e12c6c1d4c2e2c0,DELETE,regular-file,notebooks/match_html_files/match_0e9d2a77.html,279696,
b868877c729d2cab16f23d82ccde2f5de1580cd1,DELETE,regular-file,notebooks/match_html_files/match_10edb34e.html,287468,
201e1e948351e15f1d1906300994b4aec645b3d9,DELETE,regular-file,notebooks/match_html_files/match_1186ea77.html,273515,
57aa48386ef3675f4a23b8d997f164263ca5222b,DELETE,regular-file,notebooks/match_html_files/match_1193750f.html,286279,
f599a9ff640bbd6ea252c74fdbdafdd1a6888476,DELETE,regular-file,notebooks/match_html_files/match_11e0e304.html,280103,
6167c4fcc01a5ad22b06b0d7e1c47a255a851872,DELETE,regular-file,notebooks/match_html_files/match_127db480.html,284988,
afc9af661476730243ee2adc83ad8d173a691fae,DELETE,regular-file,notebooks/match_html_files/match_12c17fb7.html,277306,
16fd1aa955dc3e89205e2bcd74bd805910342b79,DELETE,regular-file,notebooks/match_html_files/match_137224e9.html,276121,
07681031511df0d9ecaed1e161f5875ab8a11af2,DELETE,regular-file,notebooks/match_html_files/match_137c4c4f.html,272143,
bd8dd9d97ddcb9d0b00c1c93b894f86ee9b90bb8,DELETE,regular-file,notebooks/match_html_files/match_13937440.html,280889,
188f823f36f897471d26e9716a687c61877eb273,DELETE,regular-file,notebooks/match_html_files/match_13ecb249.html,282669,
03174f589b0cf61067ed2702cc4745a679619e21,DELETE,regular-file,notebooks/match_html_files/match_14529941.html,273285,
67c14ab8a14af7824bf6e05c1ab46b423d2da76d,DELETE,regular-file,notebooks/match_html_files/match_14d766d0.html,284382,
c932be25ea8779464f78a48d974cc6bcc41ef1d2,DELETE,regular-file,notebooks/match_html_files/match_157a3d0a.html,277110,
c00075907a9699e52fa754ed5713168953b61829,DELETE,regular-file,notebooks/match_html_files/match_1612ecd5.html,281982,
5b2cf311b6bca8d4f3c43fa6c91015cba05f2fa2,DELETE,regular-file,notebooks/match_html_files/match_169816e4.html,281838,
aaf4f6c8512624e33bf881c41b57862824210251,DELETE,regular-file,notebooks/match_html_files/match_16dce998.html,278469,
214de9b751db0ea34b73f817929488498263afbf,DELETE,regular-file,notebooks/match_html_files/match_17061441.html,281151,
138bf3cecbf3d4af3a79e350a69a060e0a1e112a,DELETE,regular-file,notebooks/match_html_files/match_170d1dda.html,265471,
7d6ad28813506658a73326afbcb4d9740a7110aa,DELETE,regular-file,notebooks/match_html_files/match_188f52c0.html,273618,
2fa398680b3158bac9eb6b71a1eab002967faac3,DELETE,regular-file,notebooks/match_html_files/match_18fdb801.html,287983,
124104aff562395039548b9687d3e42f972d8c98,DELETE,regular-file,notebooks/match_html_files/match_19c171d0.html,275456,
306d687b132bc11d98d3151c9ab8a12d60d0411d,DELETE,regular-file,notebooks/match_html_files/match_19e8a4b9.html,269946,
a925807a7a205be961748622a8146a5a420591ff,DELETE,regular-file,notebooks/match_html_files/match_19eaba15.html,274748,
db92a3ca2a93412fdfc9266a39d351e0ad6645bd,DELETE,regular-file,notebooks/match_html_files/match_1a01081c.html,274104,
7da711f57923f1d3634af690119847d0820a6c08,DELETE,regular-file,notebooks/match_html_files/match_1a248e02.html,277036,
6ffcff9ccca7b38c59bf3eda6948f201e7171952,DELETE,regular-file,notebooks/match_html_files/match_1a84f24d.html,268890,
5adb6d444112305cf9d9c232edc41e58f65132d3,DELETE,regular-file,notebooks/match_html_files/match_1b276643.html,269772,
c11d0c263479ce40a02986c387326e7cc13868d5,DELETE,regular-file,notebooks/match_html_files/match_1bb660c2.html,267942,
51830fd7bd419e05672caf62e16f6c7c6cd899a9,DELETE,regular-file,notebooks/match_html_files/match_1bf352c3.html,275208,
98fc726720e4a9b66ae6075429fec44218a095d3,DELETE,regular-file,notebooks/match_html_files/match_1cf24c9d.html,263223,
caacfba88142e2c9f1c64c3d80ce4549521b7183,DELETE,regular-file,notebooks/match_html_files/match_1e7cfb64.html,280196,
e474cd3454ad38ddd5519cb89af82d65c438bc01,DELETE,regular-file,notebooks/match_html_files/match_1e93d054.html,273349,
a740ece0d651c1298bfbbbc2e646b4727f96bfa6,DELETE,regular-file,notebooks/match_html_files/match_1f61e83b.html,284462,
218264c07a97d847060c02b6a1ff7e67ae20c59c,DELETE,regular-file,notebooks/match_html_files/match_1f835c73.html,286422,
9a975febf5baafaa8c280946909a570efad0a933,DELETE,regular-file,notebooks/match_html_files/match_1f91c7ec.html,278771,
17079e2a9bcb51e38685b3f07603d52c7c67dfbd,DELETE,regular-file,notebooks/match_html_files/match_1fcb0c10.html,282428,
94d3388388277df3b68036f5682234528648b86d,DELETE,regular-file,notebooks/match_html_files/match_1ff11e78.html,288817,
e4959763a57971568a5faa194fa3202c4a6249dd,DELETE,regular-file,notebooks/match_html_files/match_20f76f42.html,252350,
eca96e24fcf9b082e8ef42d90f1c4237ea5e4a56,DELETE,regular-file,notebooks/match_html_files/match_2124d8de.html,263755,
f3eff6dfcb2e14e069e83b3626790982704f2b76,DELETE,regular-file,notebooks/match_html_files/match_2128245a.html,276164,
60138453ab74dd4c27e27e570334f486486a5216,DELETE,regular-file,notebooks/match_html_files/match_21526888.html,284484,
e97e4aa9e0e2b19cdf0fd91a264a6519aad9efd7,DELETE,regular-file,notebooks/match_html_files/match_217a40ab.html,272788,
b99e089ba2c0729c4659ebf3ff5d4aca9c66a446,DELETE,regular-file,notebooks/match_html_files/match_21aac0ca.html,289374,
ca4d72d43142662586e21ac52a99c1d39f5ef3fb,DELETE,regular-file,notebooks/match_html_files/match_21d682a9.html,278051,
e851b12daec1ea6d66e854f6164fb7856f3cebf1,DELETE,regular-file,notebooks/match_html_files/match_221dcc88.html,270006,
0d424ffbbbce753db29d760a15456a1dc22e7036,DELETE,regular-file,notebooks/match_html_files/match_239f97b3.html,281674,
3a67a0b174e8c9fad2fd9137b2b6f7c76a6de5aa,DELETE,regular-file,notebooks/match_html_files/match_25049986.html,265982,
29d885096dcfaa47b745ec637d9fe80955ddbede,DELETE,regular-file,notebooks/match_html_files/match_252a6a92.html,266917,
8a137041846d75fa23088e043c42e361b811d6aa,DELETE,regular-file,notebooks/match_html_files/match_252a9e4e.html,277402,
baaa84f6089ff2b7464b9130b1dc8a01a0bc5467,DELETE,regular-file,notebooks/match_html_files/match_254105a8.html,279487,
0297e1ebd902fd95297124024da25d27d1d97216,DELETE,regular-file,notebooks/match_html_files/match_258598f2.html,284947,
177100de61c9fc162d33ca990f52f6daa06c7ddd,DELETE,regular-file,notebooks/match_html_files/match_25885873.html,275249,
aabbee99c6be23d7223e3fb0d5af2f357b73d8cd,DELETE,regular-file,notebooks/match_html_files/match_266fc787.html,260026,
9fd2014b9602eeab6130e1bbf89e38d4b8ce3cc9,DELETE,regular-file,notebooks/match_html_files/match_2682e8f7.html,290372,
83768ead5984ce82635c24991fe91eb63f49eefb,DELETE,regular-file,notebooks/match_html_files/match_2772caad.html,275550,
560f65be1b9b8efb2893a396203b42e0adf361a6,DELETE,regular-file,notebooks/match_html_files/match_277a7676.html,286320,
31cd83405b4e30e24ea5ed579f951d09d14c39b2,DELETE,regular-file,notebooks/match_html_files/match_2818ce94.html,292585,
964a60c9dd6a0633990f823d9d2453751992f4ea,DELETE,regular-file,notebooks/match_html_files/match_28529962.html,276679,
18fc244be8dd85e9d885f6018d4728e15186b33c,DELETE,regular-file,notebooks/match_html_files/match_2864f051.html,274318,
789b79648d1fcae9c6aa00b9dd15f72080f5a848,DELETE,regular-file,notebooks/match_html_files/match_2906b503.html,288003,
4735ea6b14bb6604ed47f0acfc7a8cd3e45186e3,DELETE,regular-file,notebooks/match_html_files/match_29994120.html,266156,
d5ef2ae67c519aeb6e2f2a2df8cbc99c45894739,DELETE,regular-file,notebooks/match_html_files/match_2a58c0e7.html,276429,
3c0080b53af5590e95961e5d5dc49d3aab284f35,DELETE,regular-file,notebooks/match_html_files/match_2a7d2195.html,271466,
cf11e1b6690d9865f90a130b2cd7a215c48567b8,DELETE,regular-file,notebooks/match_html_files/match_2ac3cfd3.html,284990,
86685bd305e6f56e6bb486a2f54f42f87f7a8003,DELETE,regular-file,notebooks/match_html_files/match_2ac75a24.html,266754,
0d6a25c29f1fef855d5fdb70d645c8eb1d452be8,DELETE,regular-file,notebooks/match_html_files/match_2b7d2457.html,273546,
987a79169962f1799fab09db5b91aa3ecc9315d1,DELETE,regular-file,notebooks/match_html_files/match_2bbf11bc.html,285115,
01fd86c873bc5de67dd878c042a2ab45b1f89677,DELETE,regular-file,notebooks/match_html_files/match_2bda25a1.html,262912,
84ef2e023bbb561abcaddda6f2e5d64a8cbfd499,DELETE,regular-file,notebooks/match_html_files/match_2d03d5bd.html,267459,
35623a16bb5e250bf26de19e3c3ee2b8d7b746f9,DELETE,regular-file,notebooks/match_html_files/match_2d29c0fd.html,279783,
1183b5981f4f6a85b4c232a849dde095aa14b8d1,DELETE,regular-file,notebooks/match_html_files/match_2d5af9d6.html,271624,
489cb4dc766de6b366951ea7302e95b4f9d561ec,DELETE,regular-file,notebooks/match_html_files/match_2d641c7e.html,274772,
7d04bbf7d8c4ccbd59636386eeb1676edaa886db,DELETE,regular-file,notebooks/match_html_files/match_2d678cba.html,260577,
f410104a316dfa71acb1d2fab1d73b5fdb590d02,DELETE,regular-file,notebooks/match_html_files/match_2d9e0ef0.html,286496,
8a385ef76b21a9ad58138e329d74f3cfc6d90421,DELETE,regular-file,notebooks/match_html_files/match_2e5bf383.html,270502,
dde59e11fef86505cb5800dcc13bfef682da48b1,DELETE,regular-file,notebooks/match_html_files/match_2f3dc8f1.html,281419,
607d2043bee8f8e308e40ab8a21c092ee3e07d52,DELETE,regular-file,notebooks/match_html_files/match_2f8861a3.html,288416,
e47101f93f51ca550e7606be9e6d0a79b7c80223,DELETE,regular-file,notebooks/match_html_files/match_2f9c45a0.html,275589,
59956c0d97caf7918f84e3fa5ee16b321dda1d05,DELETE,regular-file,notebooks/match_html_files/match_2fbedf34.html,278287,
d6886190aee8874baed69885f251df8612797d67,DELETE,regular-file,notebooks/match_html_files/match_2fd28c8a.html,281929,
d65cc9397b0684642cc7b4ff8fe29e53cbbb37dc,DELETE,regular-file,notebooks/match_html_files/match_2fd9c845.html,276889,
4489f5fa44bb86f1dffd2979d3fea89ba5a30239,DELETE,regular-file,notebooks/match_html_files/match_30540f3f.html,276887,
4cccb3c7c62402e1b9d211756edd387a04a145f1,DELETE,regular-file,notebooks/match_html_files/match_307958ca.html,275040,
b255cf21b62df6ad3c57e7a98fbc714ebb83a7a2,DELETE,regular-file,notebooks/match_html_files/match_3166599e.html,284869,
f0d5d9552f7fdb1ce34bf54554965be4239e7e8a,DELETE,regular-file,notebooks/match_html_files/match_31b27eae.html,281251,
7d5faf282f27a9d16f47460c902b45dd09be48f1,DELETE,regular-file,notebooks/match_html_files/match_340af940.html,274665,
0334c53ef591eeac94595f078f21f5c08f9d3c52,DELETE,regular-file,notebooks/match_html_files/match_34a9f7eb.html,279406,
e0bda84929873ab04a5ad2edfca02850bba1103f,DELETE,regular-file,notebooks/match_html_files/match_35003fd2.html,270465,
c91ad24d5d8abe1d4524ca14987ed909c225375d,DELETE,regular-file,notebooks/match_html_files/match_3534d09f.html,282901,
06189fb9425def26d80e4aa75b46c172bfab0551,DELETE,regular-file,notebooks/match_html_files/match_359bf5ad.html,286804,
37ad3bed8d292e051a321399f6259b159297eba6,DELETE,regular-file,notebooks/match_html_files/match_36e97512.html,284449,
6240af09271fe2fc6e34e0871bcb487cec5b08ab,DELETE,regular-file,notebooks/match_html_files/match_37d5d942.html,279998,
73c17f3a9ce16005955017a53ee298279a480191,DELETE,regular-file,notebooks/match_html_files/match_38402333.html,275440,
fd776058da5b2a5e6e42e9ba6c270b249987904f,DELETE,regular-file,notebooks/match_html_files/match_38763070.html,277321,
f7c24e2171c3aa5e0a1328ca8cfc63913de949df,DELETE,regular-file,notebooks/match_html_files/match_387eff31.html,284680,
5e48f8d105eaa7a24c84b1392d5213e7f2237f3c,DELETE,regular-file,notebooks/match_html_files/match_38851d0d.html,284095,
3e51bb1d66dd73901c0d0f7e5963ababbd388add,DELETE,regular-file,notebooks/match_html_files/match_391bfb7d.html,282864,
bcc9f3bdbbb695eba7651d5a59b7a7269654a031,DELETE,regular-file,notebooks/match_html_files/match_3a473dc3.html,264633,
f2eb924fb9a8cb6d8a4241c27b747d7e98bd148a,DELETE,regular-file,notebooks/match_html_files/match_3a815c4f.html,279864,
929cc72c3593793ebb38a2d397c45565b267fda0,DELETE,regular-file,notebooks/match_html_files/match_3ab52587.html,277525,
81354c76dbf6dd88c4cda1f7d2a3856dc0013361,DELETE,regular-file,notebooks/match_html_files/match_3adf7469.html,286915,
c0e17d54a9454ec6df815f68f881d2ff6c545914,DELETE,regular-file,notebooks/match_html_files/match_3b6c58de.html,268705,
2bc498e0195740f44ad51bee455c9c03036aa69d,DELETE,regular-file,notebooks/match_html_files/match_3c2a99b1.html,269238,
de3872b1dcb4d55a52ce6d42b4be528b74c9daa0,DELETE,regular-file,notebooks/match_html_files/match_3dfd780a.html,279750,
66546c06719099a9991d7f624c54e7f6b7e221fa,DELETE,regular-file,notebooks/match_html_files/match_3e51f799.html,287401,
3e62789da093a7a55333221c37750131593d0ac2,DELETE,regular-file,notebooks/match_html_files/match_3f955256.html,268291,
6d1aa65872932cecc3efe5e90140f14e56f432f9,DELETE,regular-file,notebooks/match_html_files/match_3fded0a5.html,271810,
9bf4386314a0787312b931bec76e387efce4f5eb,DELETE,regular-file,notebooks/match_html_files/match_40d29f66.html,290450,
1e28fd8f3e0e6d6011ab166a9c57c722d3e52c21,DELETE,regular-file,notebooks/match_html_files/match_418e0e31.html,260624,
619e00d01a701190a06b405350c1f54105874a99,DELETE,regular-file,notebooks/match_html_files/match_42046b2c.html,274601,
664a143824910d56eef5a5ce01b9c712ce112a3f,DELETE,regular-file,notebooks/match_html_files/match_43d092f2.html,275917,
ad083ef91f5c111536ec9dd50950127de2276b31,DELETE,regular-file,notebooks/match_html_files/match_440a6ec7.html,284499,
72081caddaf507ceb5054ce1b80a42a2e6b71610,DELETE,regular-file,notebooks/match_html_files/match_45b7e16a.html,280065,
1ec5f9310a145c5c73f31d3a4d4e9711d4009a58,DELETE,regular-file,notebooks/match_html_files/match_45ea9030.html,267941,
30e7af01e25dceb4bb333aa154b3b93da50dfc08,DELETE,regular-file,notebooks/match_html_files/match_47692ff2.html,276856,
350332a3d6653b2c0660038805269329cce3dbad,DELETE,regular-file,notebooks/match_html_files/match_47835480.html,277729,
f5cf77ef9b2ed6703dcfd4e265200189025f254c,DELETE,regular-file,notebooks/match_html_files/match_478694f8.html,268372,
30d726b8fbd73a0dd9ca9b3f46a70f916f5d8c17,DELETE,regular-file,notebooks/match_html_files/match_47d5955b.html,279941,
52c8e82f3f18c4086c74296e5feaa359694dea29,DELETE,regular-file,notebooks/match_html_files/match_4874cbfb.html,267793,
aa609003ec1650474c41cfd1472e525e128ebc34,DELETE,regular-file,notebooks/match_html_files/match_48a4cf5c.html,288477,
62e56dfd46034f288d3c61836393da662d9f41ca,DELETE,regular-file,notebooks/match_html_files/match_48d47dc9.html,279410,
34cc05f34494d97e05bc5616cdc4b3995417ad77,DELETE,regular-file,notebooks/match_html_files/match_49e5362d.html,288559,
dfa694ba3ca5e2cb652be3a9f6bcdc6b3ddc8610,DELETE,regular-file,notebooks/match_html_files/match_4aa78b99.html,288632,
f435dabe1a91d8d000b55b7309a17d1c097f7db7,DELETE,regular-file,notebooks/match_html_files/match_4b7edd1f.html,289242,
7339335a8872d1a79f41d59739f613f76fb7fb94,DELETE,regular-file,notebooks/match_html_files/match_4bed2f1e.html,278338,
985e7bf97170828348619424ad5ad2861aa26518,DELETE,regular-file,notebooks/match_html_files/match_4c3bd865.html,276505,
b5d4e2a978579618535c0e5ac03629845c499f20,DELETE,regular-file,notebooks/match_html_files/match_4c7ee1cb.html,270915,
b79e499be355276c621eccbb58018cac31977f0e,DELETE,regular-file,notebooks/match_html_files/match_4ccba30d.html,270317,
d9603f4c5beee02b5628a0e23ba0448053ef2de0,DELETE,regular-file,notebooks/match_html_files/match_4d031196.html,269882,
4afe5267d4890a58ca781f432f4d7b0c408b3f82,DELETE,regular-file,notebooks/match_html_files/match_4d0c3cc1.html,276314,
2656349924b2fff51132a57a150e8022b9cced75,DELETE,regular-file,notebooks/match_html_files/match_4d850dbb.html,288181,
c5028468696648bb32e4355df3f7303d5f41a69d,DELETE,regular-file,notebooks/match_html_files/match_4f0323c2.html,290000,
a1c7c5743c2d1345bf8643be22dacaa424c6c82b,DELETE,regular-file,notebooks/match_html_files/match_4f202729.html,281230,
b8b090b25f0a4d6e1a675e4798f97259603ad6fe,DELETE,regular-file,notebooks/match_html_files/match_4f767234.html,286198,
44e5e64a95bf69ef1da57c0615bd6aec3477d80d,DELETE,regular-file,notebooks/match_html_files/match_502ff272.html,268468,
40e4d1fc8974426e298630705ff4e23dfda59ecf,DELETE,regular-file,notebooks/match_html_files/match_5054f8cd.html,274714,
a34c845f03e71d16d1a8db96d30472bb3e3a5cac,DELETE,regular-file,notebooks/match_html_files/match_50bd521d.html,263171,
5538c5ef966da69239df2b3b6973eb9a1742db5e,DELETE,regular-file,notebooks/match_html_files/match_50ef46e1.html,283868,
66a53a794cf1049446d85b7088f99fdf57e6c310,DELETE,regular-file,notebooks/match_html_files/match_5191e299.html,267914,
6e562c3c40333eb675aa06dce7771fca41e04ab0,DELETE,regular-file,notebooks/match_html_files/match_51a251e2.html,288985,
39ce1118c2b5a6619a15915614534da5a8bd45eb,DELETE,regular-file,notebooks/match_html_files/match_520134f4.html,266573,
a756e0ff398ec207006f845a9c3c7762c45914eb,DELETE,regular-file,notebooks/match_html_files/match_5206d9f2.html,286076,
bf8df91425ed8af856a2ae796c1542ac08504df2,DELETE,regular-file,notebooks/match_html_files/match_52649c9c.html,282505,
59a34909e4ed89a819f922ca6807f9908ab47e85,DELETE,regular-file,notebooks/match_html_files/match_53526198.html,281561,
0316a3d8e17fbbe0186bf40d2b6ce7412ca7f0b1,DELETE,regular-file,notebooks/match_html_files/match_5360f412.html,282255,
534314c2bb188ea10e25dd8c44808c84d647ed06,DELETE,regular-file,notebooks/match_html_files/match_53d69588.html,261980,
ab802094fd53b4a8633988dabe034f605c6cab83,DELETE,regular-file,notebooks/match_html_files/match_541a43ed.html,258587,
57a51de2bfe43504b08b967ab026009725af5236,DELETE,regular-file,notebooks/match_html_files/match_55034c4e.html,279531,
6bf88025f959f2532dc41db8e5a9b4ebc6c1f6f4,DELETE,regular-file,notebooks/match_html_files/match_55312976.html,288690,
ad0d0e85d0cce2350e18aed5e05873cbffd8237f,DELETE,regular-file,notebooks/match_html_files/match_554b360b.html,283786,
5fe9a2301347fb9b8a80cf2eb540a0cbb3e54941,DELETE,regular-file,notebooks/match_html_files/match_55840597.html,268810,
e48cd6e3d1df8db570ffaca5381acaacd1bd2896,DELETE,regular-file,notebooks/match_html_files/match_55934b05.html,267072,
96f3a997f76249e84e6287f802b20decc34bca91,DELETE,regular-file,notebooks/match_html_files/match_563b9572.html,283060,
a165faf14727fa5826e567b1bf045464f151282f,DELETE,regular-file,notebooks/match_html_files/match_565b1da5.html,265919,
76f2b893bd42c8907b23a749b40c3ebfe085f0cb,DELETE,regular-file,notebooks/match_html_files/match_56a01c6b.html,273247,
b138eae8364ad4aaf336639f52f7f86b05f8db64,DELETE,regular-file,notebooks/match_html_files/match_56cb2952.html,287255,
f92d880b0c4c6ec893713a358e4dda5fc6f827b7,DELETE,regular-file,notebooks/match_html_files/match_573e3558.html,263309,
dc98d9ff89229280dfa6da5ee676059d7acf890f,DELETE,regular-file,notebooks/match_html_files/match_5798634c.html,290686,
9a9d6ed9d1f03bb69eb11ea6cf490a535fda8390,DELETE,regular-file,notebooks/match_html_files/match_57df675c.html,290554,
4f0679c99a3e2b96f4320678b324792d5dc1aa30,DELETE,regular-file,notebooks/match_html_files/match_57fa7105.html,283559,
1ae56b4fa9e13dcfb6fa5964c22f63f341598ad3,DELETE,regular-file,notebooks/match_html_files/match_581cef24.html,273628,
ac16d16a95015155e9b0b1e4a1f27378da39f19f,DELETE,regular-file,notebooks/match_html_files/match_5a05f6eb.html,270937,
a82a941a5ecacac53ec2f84b275f27598c267447,DELETE,regular-file,notebooks/match_html_files/match_5aa2a435.html,279791,
eaf1df70d2afa692eb63438980d0121cfcd7c8da,DELETE,regular-file,notebooks/match_html_files/match_5ada410d.html,289024,
88c87b5bdb0ccb761607859e3c0f9dd9210698ca,DELETE,regular-file,notebooks/match_html_files/match_5b4fb64b.html,269279,
a5f3f4265c9713761c5a1c0f104329798307586a,DELETE,regular-file,notebooks/match_html_files/match_5c187984.html,269364,
9aa6a7a8530a9f0fbd018f0fcb56e0d2c6088926,DELETE,regular-file,notebooks/match_html_files/match_5c3b3b7a.html,269421,
518cf85fd16d9d726d7de02a5cf05c5ca0de9b9a,DELETE,regular-file,notebooks/match_html_files/match_5c6f66f8.html,288267,
21aae24a15181dc6fb6c65e08d6c5e0f1d198bb6,DELETE,regular-file,notebooks/match_html_files/match_5ca528de.html,277364,
709a77ca348f36f570d6a29f09e8b7f536c21050,DELETE,regular-file,notebooks/match_html_files/match_5cbe3ea6.html,266739,
008488ed2d9eecf6676d31f176f6d686ecb4eebb,DELETE,regular-file,notebooks/match_html_files/match_5d762423.html,261139,
58d14a2479b2e9ca8ab7d16c453a599a644116b1,DELETE,regular-file,notebooks/match_html_files/match_5dd078d5.html,272145,
831424768773dfbcfe543966b6e5f4ea6c1e29b4,DELETE,regular-file,notebooks/match_html_files/match_5dd549e4.html,280918,
325d76a2ac4c4fd83f2f04f708c87b841b53329e,DELETE,regular-file,notebooks/match_html_files/match_5ecc20d9.html,289700,
7e8bf8293985ab57f5591d625b1b3f84ee901ce8,DELETE,regular-file,notebooks/match_html_files/match_5ee1d9e7.html,275592,
685d9f467311023a1e455b445e797f48d7c05a69,DELETE,regular-file,notebooks/match_html_files/match_5fe1d504.html,266941,
cafe9e05534fd4e6db1ac5f4766443cf5c3489ba,DELETE,regular-file,notebooks/match_html_files/match_5ff5843f.html,271381,
d559953408bbff956c88e10d8d307b7097a4d05e,DELETE,regular-file,notebooks/match_html_files/match_60713322.html,265902,
378448f9edc5d00adfcee8c253a5439cbe7aebe7,DELETE,regular-file,notebooks/match_html_files/match_60c0fef2.html,281472,
9d9b9c719c2403ab29953ac5150af850f2b3e194,DELETE,regular-file,notebooks/match_html_files/match_60f738e9.html,262227,
d83e610b85d14d69a425136e5ef0003f2e0bd9bf,DELETE,regular-file,notebooks/match_html_files/match_611eb468.html,266093,
0f1f6e12d6fc4cb559945921e95dd0e29946ed47,DELETE,regular-file,notebooks/match_html_files/match_6195a47a.html,273552,
a5a83a6debbe1f5a23a5fb04476c507a1010a441,DELETE,regular-file,notebooks/match_html_files/match_61cc1e00.html,262233,
245481641b5430448a5b592b67d1dfcdc367cf62,DELETE,regular-file,notebooks/match_html_files/match_61cf8332.html,278528,
98c38ac2ddf6befcda9ba55bb2e7bb9a24323043,DELETE,regular-file,notebooks/match_html_files/match_6245629c.html,285938,
3262a5645f2fe12ce805f8f52de7a0d96ef693d2,DELETE,regular-file,notebooks/match_html_files/match_625276de.html,282514,
914e75babfba0bf0736838df3d46eb676fc2b803,DELETE,regular-file,notebooks/match_html_files/match_62cdbc09.html,276699,
7c262c1175447d5ee25c2efd4467ca3ce7e1e39d,DELETE,regular-file,notebooks/match_html_files/match_62f30bfe.html,274092,
1651634ee9724e486bd4960c8991c7bcfb7d7e47,DELETE,regular-file,notebooks/match_html_files/match_63378f00.html,279235,
a9382b718331be90963fdd80b2309b4e4f60ee76,DELETE,regular-file,notebooks/match_html_files/match_639b391a.html,272443,
774338dc1704471c964747c8c8ca19d9b1c6049a,DELETE,regular-file,notebooks/match_html_files/match_6400280a.html,275870,
2f3973ff3a1fc1e7a94936f0b8432b19aaa61d8e,DELETE,regular-file,notebooks/match_html_files/match_64ae00a8.html,284500,
800ff3d91faf8942950e21ed18c379c396b1b032,DELETE,regular-file,notebooks/match_html_files/match_64f8c0fa.html,275048,
b185aa8e88fcbe4a548c89cde748e98b825622a5,DELETE,regular-file,notebooks/match_html_files/match_657ab5b5.html,286947,
4e0f4280defad509d555233ee0befcc2cc03fa90,DELETE,regular-file,notebooks/match_html_files/match_65cf244a.html,288875,
cbc62a0605d27f83b4c9192d10b16e51f69691ea,DELETE,regular-file,notebooks/match_html_files/match_66645e5e.html,275677,
153741a78eb3fc269e47bd361e837ac2ee3e59f3,DELETE,regular-file,notebooks/match_html_files/match_666e71f1.html,282887,
f242819200e10cc477b2977c350dcecc961a867f,DELETE,regular-file,notebooks/match_html_files/match_66a2ae77.html,282835,
8ed603b957f1f628ab31ee1263b1ef840cfc4419,DELETE,regular-file,notebooks/match_html_files/match_66c8a43d.html,283525,
2ce0a7743260f59fec0e7821ebc3fadc0d8e47ae,DELETE,regular-file,notebooks/match_html_files/match_66ccdb0a.html,284661,
da6617ff4b23f463e6b1ae65cc9d49fde075d26a,DELETE,regular-file,notebooks/match_html_files/match_67767cee.html,279030,
89aeb155c195d2f6fd1307c352621550dcbf154f,DELETE,regular-file,notebooks/match_html_files/match_678925e4.html,276206,
5c8f3f7cb756e0c4dfcec4cbee7a148c49b87c6a,DELETE,regular-file,notebooks/match_html_files/match_6863d0dc.html,276636,
49e4a076f828d7c27d08a6ded2b28d225ef5ac0d,DELETE,regular-file,notebooks/match_html_files/match_69a170d6.html,275587,
014d2f901bdd1727fb5410fd9428802097354e40,DELETE,regular-file,notebooks/match_html_files/match_69b3b00d.html,277253,
53949be97604b15fd281a5ed0a1dad6029541ca6,DELETE,regular-file,notebooks/match_html_files/match_6a57c82e.html,268493,
dd39a8b18908c6f35d537aa06b94eea8f97b7290,DELETE,regular-file,notebooks/match_html_files/match_6aee226c.html,272852,
b4c7b6b3e4537a7503b2908207b18b83c9796317,DELETE,regular-file,notebooks/match_html_files/match_6b1b6bac.html,283401,
33623ecc74cbbc9aad2da1d4032f77f4cf1818b5,DELETE,regular-file,notebooks/match_html_files/match_6bc282b7.html,286506,
12f43aa2e1f3486b303b8e9283603d604959e2a6,DELETE,regular-file,notebooks/match_html_files/match_6c066abf.html,266520,
a3837973efdea7be8ecbf59cca8eca9dbaf132a6,DELETE,regular-file,notebooks/match_html_files/match_6c0afe0b.html,260765,
6c0eccb0a14c89938fe197f00efdfe20ee1d14bc,DELETE,regular-file,notebooks/match_html_files/match_6c10cfdb.html,261545,
eb290760db4c73354b76430231abcc9b216dd85e,DELETE,regular-file,notebooks/match_html_files/match_6c1960fe.html,260085,
bad94cbd18c2ba2f3af2d220c214163f142461ba,DELETE,regular-file,notebooks/match_html_files/match_6c5b0538.html,371667,
4e7243ad9675067f99d880dca188bbc440936661,DELETE,regular-file,notebooks/match_html_files/match_6c9e55c3.html,277139,
10726e140480ffcea4e3813b4c4266cafab94168,DELETE,regular-file,notebooks/match_html_files/match_6cf91083.html,285430,
f435d82f23861b79693d9639b25d008eaf8ff857,DELETE,regular-file,notebooks/match_html_files/match_6d73cf64.html,270088,
3747c814da905ab09684a8c6e7e03045c404e6f4,DELETE,regular-file,notebooks/match_html_files/match_6ed85fb8.html,274184,
9beb8733abf104f162175a42feb258b5dd3528d0,DELETE,regular-file,notebooks/match_html_files/match_6f73f9a8.html,291219,
fd21e13e4718cf5f47a00fd2740162462a9123b4,DELETE,regular-file,notebooks/match_html_files/match_6fd000ec.html,264651,
bf34a4ed302c6a0c3f28e3db5715ee91f3a1c979,DELETE,regular-file,notebooks/match_html_files/match_6ff06b8e.html,282132,
cc32ab4aa840e3f0029dd341c284f1eeaa3f4035,DELETE,regular-file,notebooks/match_html_files/match_6ff3d866.html,289127,
b5e83d5147cf2ad7512a2dc6f01cdf73a68c4607,DELETE,regular-file,notebooks/match_html_files/match_703a7b5a.html,269746,
0e0b5fa2f995a791659d4c4beffb5056bb97c82b,DELETE,regular-file,notebooks/match_html_files/match_70461c41.html,274511,
0269953dbe4297fcca72f8232fdf4dc8140a090e,DELETE,regular-file,notebooks/match_html_files/match_707d1ba5.html,263015,
bf80ba19426f1f097e7a5082f8550c8747fe123f,DELETE,regular-file,notebooks/match_html_files/match_708f6bbe.html,264479,
d36fcd8cf794ff65441eff02c1084bbca59450c7,DELETE,regular-file,notebooks/match_html_files/match_70a27066.html,276442,
021a7c7193c7f87f44c114239781e6c51613a4ca,DELETE,regular-file,notebooks/match_html_files/match_70f1e21b.html,273393,
f2a1283d897c10301037de74e5737779091a5c2a,DELETE,regular-file,notebooks/match_html_files/match_7239cc9a.html,266500,
33205b9acf2d9078a7f3b43482712593a857d4ed,DELETE,regular-file,notebooks/match_html_files/match_7284c984.html,240427,
e3fc48c8265c48622e41e0e65be8fd69fcf93789,DELETE,regular-file,notebooks/match_html_files/match_72856ea5.html,290114,
0b6f8a24c92de60c1d8661f39d976387fb300468,DELETE,regular-file,notebooks/match_html_files/match_73284fcd.html,269424,
59e892af60a41ed0de528bd8ad66aebd5769e3c0,DELETE,regular-file,notebooks/match_html_files/match_73b7a256.html,287307,
cd3924fd2df8806a43a454f2be65d58cdaddda38,DELETE,regular-file,notebooks/match_html_files/match_74151c11.html,289502,
ea1761fe61612a325fc17f24cfb9a1e3991ce6ed,DELETE,regular-file,notebooks/match_html_files/match_7439eff5.html,266276,
a07a3fe9a8087a958a1023a704fff54e79b87a61,DELETE,regular-file,notebooks/match_html_files/match_74564b15.html,269350,
900a97d957db0e4599c52e44cda9daba896b1eff,DELETE,regular-file,notebooks/match_html_files/match_75c25fca.html,275795,
ab5f06e781dce8d545eb34b7c48a03876bfbc5cf,DELETE,regular-file,notebooks/match_html_files/match_76114fb2.html,287087,
d9d5150bfb04095bc970994388320d6ce09f77a2,DELETE,regular-file,notebooks/match_html_files/match_77e8defe.html,274109,
abfb6e99513f7c36e39d4fefce43a7165480ddeb,DELETE,regular-file,notebooks/match_html_files/match_78894a6f.html,282685,
74a33344f548f5b8c1f38cbb98e2ae76d049d1a0,DELETE,regular-file,notebooks/match_html_files/match_794331cf.html,276891,
5ef0adef7f2e9d12e300961b9f658fd9f852b990,DELETE,regular-file,notebooks/match_html_files/match_79f8e9a0.html,267066,
e92a2ba9671b135487dc82ebe795674c666bbe89,DELETE,regular-file,notebooks/match_html_files/match_79fde10f.html,278342,
09de8812507ac2246784f120a228f60a481a8a84,DELETE,regular-file,notebooks/match_html_files/match_7aa0733c.html,256791,
e1d5ef623bc7e7f3d018854e3faf540d090401d7,DELETE,regular-file,notebooks/match_html_files/match_7ac1c0c8.html,276452,
8a67e6077568e3eeb33e692abaf517874313abd9,DELETE,regular-file,notebooks/match_html_files/match_7b04d31a.html,281906,
c98f0c315f9288f64ed109644ec63b3a134e0850,DELETE,regular-file,notebooks/match_html_files/match_7b27fb60.html,289192,
a9c2ad61c2ec4d036212ebac8279d22a10be7fb6,DELETE,regular-file,notebooks/match_html_files/match_7bd0ae51.html,277010,
fb502ffdb9077d87860089c48db0d6ea28602eb1,DELETE,regular-file,notebooks/match_html_files/match_7eba51ec.html,275754,
890e259433c2042ae1bc0a4117fa8c069f912ffa,DELETE,regular-file,notebooks/match_html_files/match_7f0a506f.html,272614,
a72e44e377423664041bd3f8dc5b014520514677,DELETE,regular-file,notebooks/match_html_files/match_7f3417a9.html,264589,
c388e4608d7ea3616b71872b5a623a93e12de144,DELETE,regular-file,notebooks/match_html_files/match_7fcf5469.html,276650,
2074b5cfdcc85ead14f7d6f005c9f63f24feca3a,DELETE,regular-file,notebooks/match_html_files/match_804f2981.html,278851,
2846d579f291224ec63268cc6f701401d427dad2,DELETE,regular-file,notebooks/match_html_files/match_807c06e4.html,267950,
e54e8684beda2fab38b1a6297cfbdff20a6da8ba,DELETE,regular-file,notebooks/match_html_files/match_812788e2.html,273219,
b5e2790828eb3d7b13f4b7f9a359fd158c7ce4bc,DELETE,regular-file,notebooks/match_html_files/match_81481f61.html,245750,
7249327875dc8d3f8bb352acb5eeb3f3fbc56f59,DELETE,regular-file,notebooks/match_html_files/match_82737f56.html,281926,
00d15c45cfacafa1d4aad977720d6572354c743d,DELETE,regular-file,notebooks/match_html_files/match_82792623.html,277256,
3ca4753dc3a0907fc88081dd44d5e3b15c31759d,DELETE,regular-file,notebooks/match_html_files/match_83cbdbe0.html,280301,
2a4710ed5fe0b23150ffe673a9ed2d4883c9f7e0,DELETE,regular-file,notebooks/match_html_files/match_83cce59c.html,282947,
669c20f10f4b632cf08eea1464eb67674f259ed0,DELETE,regular-file,notebooks/match_html_files/match_83cdf3e1.html,270095,
df0979d6305c9f492c5a54acd15423f2dc6a9810,DELETE,regular-file,notebooks/match_html_files/match_83e2fe2b.html,278235,
a7d8813536913794df62affc8e8618ab778ef1e8,DELETE,regular-file,notebooks/match_html_files/match_83e9f6cd.html,284373,
078c7c3320600b76a3e6c89ade734f787728fa30,DELETE,regular-file,notebooks/match_html_files/match_83edc9ff.html,273603,
bc262e8ec5fdb15c963e583da3b2b43d410ee285,DELETE,regular-file,notebooks/match_html_files/match_840295a3.html,278317,
8f14853f7f68ce659c8cc25189e886dc307e2b26,DELETE,regular-file,notebooks/match_html_files/match_84d6dca9.html,282439,
8798f97ac0db93c9272ed1a36a9287260ef4d60f,DELETE,regular-file,notebooks/match_html_files/match_85aa5c2b.html,275014,
a04f469e081f669664f30f3fe66795790f84d144,DELETE,regular-file,notebooks/match_html_files/match_85ea774d.html,265879,
e426263f9e77c9195d8c7de9eadc0346832b8d92,DELETE,regular-file,notebooks/match_html_files/match_8640ac6f.html,282063,
c98f99dbf805d5593eb51e4e9c941246f04fbb60,DELETE,regular-file,notebooks/match_html_files/match_874207c8.html,286816,
8b13c649b212a4097b219f074eb9e995ae30ac7e,DELETE,regular-file,notebooks/match_html_files/match_87aca61f.html,274110,
15d262629073f233702f952d277a08e3e4f592d3,DELETE,regular-file,notebooks/match_html_files/match_8883ea79.html,241959,
712b1976b45293b37774b47e35a41cf306eaa57f,DELETE,regular-file,notebooks/match_html_files/match_889e323c.html,264762,
1b68317019983b8e449bf38f901c14b35894cfd0,DELETE,regular-file,notebooks/match_html_files/match_88db5cc5.html,269306,
5f3ef83fe6d0d7ef942ef8394ada35b0952ae6fe,DELETE,regular-file,notebooks/match_html_files/match_8928d94b.html,280900,
023a81fa558bd560fd3f3515bf6a987b5ed6ec0f,DELETE,regular-file,notebooks/match_html_files/match_8a883753.html,288936,
cbce86eb241bc5f56c976f99726b19113f68dad3,DELETE,regular-file,notebooks/match_html_files/match_8a947bd0.html,285779,
41f233736c49f5b3c2ec7da01dbbeae02c3714d9,DELETE,regular-file,notebooks/match_html_files/match_8aa2a6b5.html,280303,
3712973fb0d0029af25bc4d2f455c2822838b810,DELETE,regular-file,notebooks/match_html_files/match_8b6d410c.html,283217,
4f4cceec82abcd8bc88764ca2dd8640f8ce08b91,DELETE,regular-file,notebooks/match_html_files/match_8b97808b.html,280765,
30dbb2c78130d4608e804c1c4053daf4e4504380,DELETE,regular-file,notebooks/match_html_files/match_8bfa7c91.html,272978,
074b19efc6b312eb4130a7edfad7f8447c61ec37,DELETE,regular-file,notebooks/match_html_files/match_8c1b8361.html,275715,
355295fb65eeac9f4c43a8265f21bd73b34abe85,DELETE,regular-file,notebooks/match_html_files/match_8cd6d492.html,284635,
3b43722c5f4aabc907ed47dad1f7c985e6b0f128,DELETE,regular-file,notebooks/match_html_files/match_8d454ece.html,275492,
d7ee81efb7ec51c976a6a4339f3b2cd90e800602,DELETE,regular-file,notebooks/match_html_files/match_8dd983d8.html,290000,
e5e1b79185298c3fbf200d67f482a1990c680e40,DELETE,regular-file,notebooks/match_html_files/match_8e188aca.html,278215,
55f61c6cfe0ccebf92b8e81189a4da570b41887e,DELETE,regular-file,notebooks/match_html_files/match_8e775a64.html,277112,
2a241ce5b9c85fc3fb35efcd1e8cf3e10f7f2f53,DELETE,regular-file,notebooks/match_html_files/match_8ea627dd.html,272697,
edb9f106f2ba85471125f266806bf261b1a4bb82,DELETE,regular-file,notebooks/match_html_files/match_8f38f319.html,279731,
a38735971d5932c4c50d20c6c2ca140e1bbb7372,DELETE,regular-file,notebooks/match_html_files/match_8fcf96e7.html,290437,
ed915bbcf2c13b54e7f3e5facdaac93a1dd3a91c,DELETE,regular-file,notebooks/match_html_files/match_91e83cd3.html,270870,
8dd7af931d7b33904ba99db2e8ebcf07bb32c917,DELETE,regular-file,notebooks/match_html_files/match_92a0b833.html,270750,
f3b83ee565a4f5c453d124a2b525952c11869a45,DELETE,regular-file,notebooks/match_html_files/match_92e37743.html,274693,
b08575342f153af39782e72007cb482fc7c56466,DELETE,regular-file,notebooks/match_html_files/match_94508a03.html,288398,
9b5dce1cd7a4a93e55da8e4f1d2e1b4e62d163c7,DELETE,regular-file,notebooks/match_html_files/match_9490f202.html,273052,
657c5aa879c1ed9b72c935743ef0a7e47cacaa39,DELETE,regular-file,notebooks/match_html_files/match_94916b48.html,282618,
4c13eafda51411e4018a03b2efc1a9e7b460dc04,DELETE,regular-file,notebooks/match_html_files/match_94efc7a2.html,275804,
8ec54594a33508551162e568eaa19c59bc7dc670,DELETE,regular-file,notebooks/match_html_files/match_9524abcc.html,271468,
ae8c1b6538c948c9b70e61a9fa7b169a94d012f7,DELETE,regular-file,notebooks/match_html_files/match_960dcbb0.html,270538,
d54ab9063f0ffd26a6c689bdf7c7484703e55427,DELETE,regular-file,notebooks/match_html_files/match_9624a028.html,282405,
bc098400e924996597c60f8bf299dd1e1fa707ff,DELETE,regular-file,notebooks/match_html_files/match_9830bc25.html,277328,
b49e9e8e6e1bf649a6fa7529fbbc3d65a01d8884,DELETE,regular-file,notebooks/match_html_files/match_9867c808.html,272149,
c77d6726b3c424e9630040311e584995d0b0a4df,DELETE,regular-file,notebooks/match_html_files/match_98d7c4d8.html,273318,
a81958ee585344fb8a6b04b248518df08053b960,DELETE,regular-file,notebooks/match_html_files/match_98d7db91.html,282889,
d0e86c6da85768d17d6398704dd794f8db29af84,DELETE,regular-file,notebooks/match_html_files/match_99453465.html,276271,
b210dfe1385fbfa555b938ab2a4258288f723268,DELETE,regular-file,notebooks/match_html_files/match_9951420b.html,276548,
ae1e0ed09ab750651ef4c13e0f2a5a8dab812f04,DELETE,regular-file,notebooks/match_html_files/match_99b29ebc.html,268125,
416808e0867f6fa7de661f57fa7563c369177fdb,DELETE,regular-file,notebooks/match_html_files/match_99b6cf25.html,269092,
7f184de26232e61b52a62c14624636b15a146da1,DELETE,regular-file,notebooks/match_html_files/match_9a0ab07f.html,269951,
76cb6d4f4920e4c24bd9d7a8cf3f185af0787917,DELETE,regular-file,notebooks/match_html_files/match_9a5a8ae2.html,278696,
316281899bc960fb4a4f918c1fec81ac6cd9aa3b,DELETE,regular-file,notebooks/match_html_files/match_9a7cca70.html,274262,
ab9ef25d89b0861595164317d8076c1ef1108835,DELETE,regular-file,notebooks/match_html_files/match_9bd6f453.html,267883,
f404b4620ed8aa204cfabcfdd4f74c49bdfd2762,DELETE,regular-file,notebooks/match_html_files/match_9c06de8d.html,286579,
1e8bbec6f750ce659c5e4c2c6183d3d04c7ce136,DELETE,regular-file,notebooks/match_html_files/match_9ce230c1.html,264263,
a1fe6067e7bdd0132e7c0444264b300836395c7d,DELETE,regular-file,notebooks/match_html_files/match_9d12b00f.html,283567,
89a833b73d8f9288b90e3d7e2b6f80cabdaae11e,DELETE,regular-file,notebooks/match_html_files/match_9d713186.html,286275,
0e5a81961bf422f105a72eb3b8b11d98afd2a410,DELETE,regular-file,notebooks/match_html_files/match_9d83af85.html,285362,
1170a022a3cae620856c5fc729e67464b869c3d2,DELETE,regular-file,notebooks/match_html_files/match_9dcf496b.html,259398,
16062bc45dc93f3d1b5eb00fd3b7a204b3ac8bab,DELETE,regular-file,notebooks/match_html_files/match_9e8abda1.html,272991,
a3f2a56f109ec2c522e34541bd2df1880b4c13ab,DELETE,regular-file,notebooks/match_html_files/match_9e8bd26c.html,284207,
910700f42502fb99a5e16ab50b3140fb1b6df123,DELETE,regular-file,notebooks/match_html_files/match_9eae33e6.html,254432,
88c2cbaa4a5ddedbca0538e219134da61ff28c30,DELETE,regular-file,notebooks/match_html_files/match_9f3f16bd.html,285297,
3efceae4b7ed74153dd0638edd5cdeeac1e637f2,DELETE,regular-file,notebooks/match_html_files/match_9f613a73.html,267503,
f4c14841594be14430be7164625b45dd84c202a0,DELETE,regular-file,notebooks/match_html_files/match_9f6d6df5.html,283560,
f01f314475720b1f9cd3bddca62c8dd8ad4b334a,DELETE,regular-file,notebooks/match_html_files/match_9fa14fb5.html,283230,
5760dae345fc8556669b83a93ad6b2d62dacdcba,DELETE,regular-file,notebooks/match_html_files/match_9feb3b94.html,277989,
68d6d81705512c0c1b53cab71d27a326702f54a4,DELETE,regular-file,notebooks/match_html_files/match_a0486da6.html,272864,
7804198cfc015805e7b26e6821b292830381180c,DELETE,regular-file,notebooks/match_html_files/match_a0785409.html,288256,
058ab774a9e5d77be6a28f605adf80c0a57e86c7,DELETE,regular-file,notebooks/match_html_files/match_a17c0ef0.html,282691,
d5c20a3fc273c3308d036d0761becc071514762c,DELETE,regular-file,notebooks/match_html_files/match_a1c035b7.html,287508,
13d870e5e11b1b36e3399fe414f67b70b79f86c4,DELETE,regular-file,notebooks/match_html_files/match_a2766c37.html,279532,
0e1015269dad5902812efdf636eb356e9fc01630,DELETE,regular-file,notebooks/match_html_files/match_a41a3eeb.html,276202,
525b928845263b24e28ce51ed240b85b9e4aaad6,DELETE,regular-file,notebooks/match_html_files/match_a459e5c0.html,279143,
0435b40b8aaac6b65d462c413d86ac02d76fa83c,DELETE,regular-file,notebooks/match_html_files/match_a45bfe72.html,271784,
955f7386eac6db8bfa9646a023a732b6804a2cc8,DELETE,regular-file,notebooks/match_html_files/match_a45da2df.html,278252,
0003cdd3da76e4f72d47d80dff6e8c9326ee6aa6,DELETE,regular-file,notebooks/match_html_files/match_a61b70d1.html,282967,
8e59ac5137d320fd0689da0c8d5db87fcff4e59d,DELETE,regular-file,notebooks/match_html_files/match_a69cbaec.html,276467,
ede0867790fcd6d123283b156454588b78f2495c,DELETE,regular-file,notebooks/match_html_files/match_a72ceab9.html,280320,
96a53cdd68ced7cf42a51e1665a25dd4d0b46b22,DELETE,regular-file,notebooks/match_html_files/match_a7627095.html,271458,
d7a71f33bbc5edf608afce3757f1f20f6827b6a1,DELETE,regular-file,notebooks/match_html_files/match_a835491d.html,276350,
860e1049c7c778191a8472321c8c89f4810ef944,DELETE,regular-file,notebooks/match_html_files/match_a8e5bb48.html,268862,
ab1ced6bc546180cdb663b6d0848f40373f9ca1b,DELETE,regular-file,notebooks/match_html_files/match_a946c0e2.html,280594,
7797ca81189345d8c21be4791ee518949253f689,DELETE,regular-file,notebooks/match_html_files/match_aacb507b.html,286270,
39237680b7a3cb21416b9631565f54df3412ccd9,DELETE,regular-file,notebooks/match_html_files/match_aae24672.html,286394,
6f57be85373a8e48d07d9ec7a46bf34a695e0777,DELETE,regular-file,notebooks/match_html_files/match_aae9acb9.html,280343,
b30fc54dc720cf2ab8bc2a518bd691d599f920ce,DELETE,regular-file,notebooks/match_html_files/match_ab51dc2a.html,285754,
b5c109088d7abd8063e781c056da06efe9c9e703,DELETE,regular-file,notebooks/match_html_files/match_ab55873f.html,282711,
d0ad2ac39a740905f27ba4a16d14781183620988,DELETE,regular-file,notebooks/match_html_files/match_ac3f3db5.html,279636,
81da321c0215d250ba6619d0cd7239ad25e68e52,DELETE,regular-file,notebooks/match_html_files/match_acf83533.html,281919,
f549d4c00511b5fd169a547eb3b214ab19a305f4,DELETE,regular-file,notebooks/match_html_files/match_ad4385ca.html,265129,
3ba867821a550b9d9bad4743bafd50abb50cfbb0,DELETE,regular-file,notebooks/match_html_files/match_aea0372f.html,278393,
3cb2dab967fb39ffe47bbe90776cf8e46e2ffc67,DELETE,regular-file,notebooks/match_html_files/match_aeb17e74.html,284582,
62e69e32d57b556615a770d4479461be78d54f45,DELETE,regular-file,notebooks/match_html_files/match_af4d51ac.html,275539,
1b59fd2170c495e7e224d056dc188414ea42d9ea,DELETE,regular-file,notebooks/match_html_files/match_af7f07e2.html,275572,
d779748ecf41c799e014f235048f345792d007f2,DELETE,regular-file,notebooks/match_html_files/match_b0355b88.html,265683,
30df050a6d84abdab8aa2226c22e303bcb145de9,DELETE,regular-file,notebooks/match_html_files/match_b0ba7035.html,272126,
04c03ef3c396279590e8c67f6a1485fdf13838d8,DELETE,regular-file,notebooks/match_html_files/match_b118c20b.html,275887,
57bb0160981ea4305458021fd34641aaeb1d3b9a,DELETE,regular-file,notebooks/match_html_files/match_b14ef42f.html,284544,
dd33b9fb18de029a4648dcffe95f9955d73a1b0d,DELETE,regular-file,notebooks/match_html_files/match_b1d44080.html,289655,
3bff29fe967255c93c39b43c804ffe8032b73937,DELETE,regular-file,notebooks/match_html_files/match_b2f4ab2b.html,260008,
da6adecbefc6f368f74f7d3dd35e5b3977671164,DELETE,regular-file,notebooks/match_html_files/match_b3536acf.html,259618,
6a993ea83dc2fc660299f04d633e6a66596c4da2,DELETE,regular-file,notebooks/match_html_files/match_b3aab324.html,273561,
34664334fc46976e65d60a735226324d734d7c72,DELETE,regular-file,notebooks/match_html_files/match_b4bfd7a8.html,268558,
507a4e7ab282dfad43c6efc54c67b451b30717f3,DELETE,regular-file,notebooks/match_html_files/match_b4d08b96.html,279953,
79745e07d01fcd6056f505ac88f567babc40ab73,DELETE,regular-file,notebooks/match_html_files/match_b514a2bf.html,278693,
2a4c834198a8c226c594168c7f5b6ae985ba950f,DELETE,regular-file,notebooks/match_html_files/match_b583fc1c.html,287445,
be1180b9b895e28da9ec06c0913d97ca2c46f5e5,DELETE,regular-file,notebooks/match_html_files/match_b5da8f35.html,286586,
9f8647cbb6e4d9896d75bb1115b6e96bb38d6f60,DELETE,regular-file,notebooks/match_html_files/match_b6b656ae.html,278867,
c2b951f81d15d77d981d82baec8f2c89604f0d5b,DELETE,regular-file,notebooks/match_html_files/match_b73fabbe.html,287724,
a92d21b62f2e77cceb8b3bf2e594fbd46524986e,DELETE,regular-file,notebooks/match_html_files/match_b76731b7.html,272221,
d1d1c5b22448d767fcbedc59a6175707d9aabc67,DELETE,regular-file,notebooks/match_html_files/match_b7c7cfbd.html,277456,
4d80259196afef2e199e67ad5d0413b6015982ac,DELETE,regular-file,notebooks/match_html_files/match_b823c2c9.html,277069,
b244ec7cb3cc6c0f4d8616a848d77f4c8fb7e89b,DELETE,regular-file,notebooks/match_html_files/match_b87f47b5.html,278928,
70492fa93737f41a38d156b425a5e875ad4f231a,DELETE,regular-file,notebooks/match_html_files/match_b8918216.html,287792,
09a15e295e6b3c1eb470f6056677a29b1bbb3821,DELETE,regular-file,notebooks/match_html_files/match_b910a28c.html,271319,
c69ec91a8986caf92a51617257d86845ff5ad1b3,DELETE,regular-file,notebooks/match_html_files/match_b9586581.html,277151,
e56ae0f0ac2a62e2b25a40a5a754ff8bf391dff1,DELETE,regular-file,notebooks/match_html_files/match_b9ba15e0.html,271523,
2973f9a4b9d3576379ec2258a5356d47a50df74a,DELETE,regular-file,notebooks/match_html_files/match_b9cf7980.html,242468,
c946b7e3a89dd46d2f9086adf75e278dae9a6e66,DELETE,regular-file,notebooks/match_html_files/match_b9d71721.html,267037,
54836e6be2357169ee5ff981c9f59c875b3e264f,DELETE,regular-file,notebooks/match_html_files/match_b9ef73c0.html,281940,
634514d4314415445354f63e35ba694da5dddd95,DELETE,regular-file,notebooks/match_html_files/match_ba381725.html,285087,
999ab32cb079043af68da0050ba6b33cc32091ff,DELETE,regular-file,notebooks/match_html_files/match_ba397f2b.html,279759,
cd7d911e3737a8e2781f2d483b0942518bbaebfb,DELETE,regular-file,notebooks/match_html_files/match_ba422734.html,288272,
d6b17e1139d619933028d5472792f00831c4d4ea,DELETE,regular-file,notebooks/match_html_files/match_ba8ffe87.html,285528,
243eca9197e8460c33409aeded3aec69dd7eca48,DELETE,regular-file,notebooks/match_html_files/match_bb09ce9f.html,284332,
7e3838afccfc1958bff8dbcd4d5e6dd0597979a2,DELETE,regular-file,notebooks/match_html_files/match_bc4c3562.html,286038,
ccf70d77d001ac3611d9addfacc69fb12705255a,DELETE,regular-file,notebooks/match_html_files/match_bc4d18e2.html,282899,
cf26043b98b21695d5d13decd6d401cf2a6a32d0,DELETE,regular-file,notebooks/match_html_files/match_bc51c892.html,268086,
b8fbdea17a0415fb32bd009b692f514250cff38a,DELETE,regular-file,notebooks/match_html_files/match_bd617704.html,269931,
bd562167b82ec8cdcec8def26e2724abe50d8750,DELETE,regular-file,notebooks/match_html_files/match_bd79845f.html,268991,
f78f57388ab499da591282cf467b801bb1118e6a,DELETE,regular-file,notebooks/match_html_files/match_bd7ec044.html,263243,
fb38fd7508562c88e4d0b86832513deed5518ac1,DELETE,regular-file,notebooks/match_html_files/match_bd91d1ac.html,268823,
fe37fb8b57ef6d0dae145c69a746ea7c2c4d4b23,DELETE,regular-file,notebooks/match_html_files/match_bde14f5d.html,287016,
347c936ce2f16faa4967e55ea5c9af1e5ffd8a7a,DELETE,regular-file,notebooks/match_html_files/match_be1600aa.html,275506,
bfc82efa3f623f8e02bb3c47b85b25218e95ed23,DELETE,regular-file,notebooks/match_html_files/match_be554b90.html,266168,
4c7bbb54d16f4d0520610e9ccafd8265e90e3653,DELETE,regular-file,notebooks/match_html_files/match_beaa3276.html,280944,
b9006e2431ee048b68db56504ff19292ea3cdbbb,DELETE,regular-file,notebooks/match_html_files/match_bf237d24.html,287071,
e64ea6cc3759b815938dbd906d57aaf34fd8f643,DELETE,regular-file,notebooks/match_html_files/match_bfcbef4e.html,277990,
aa07a8c836df7557e17b31612faaf6c145345e40,DELETE,regular-file,notebooks/match_html_files/match_c00ea6a4.html,273395,
94317957ddaa7d39a72c6762483b1d116c30f942,DELETE,regular-file,notebooks/match_html_files/match_c09cea95.html,262526,
2c90e9337450b94641efe030c07c4d6a60d01e3b,DELETE,regular-file,notebooks/match_html_files/match_c1e29519.html,275983,
a807a7cea1d7d59907c4e37c1c4df2ea2af85801,DELETE,regular-file,notebooks/match_html_files/match_c33b164f.html,281433,
6a04a35b5232ce06c93ebea2c951abf67faffe5a,DELETE,regular-file,notebooks/match_html_files/match_c37fb478.html,273093,
898ce717de935bd5667cbc43f6a312c52ab5803b,DELETE,regular-file,notebooks/match_html_files/match_c44e652b.html,279723,
36e1d6bd2e52d2f7e5fcaed23f630075128cc284,DELETE,regular-file,notebooks/match_html_files/match_c472965f.html,266580,
88ae38fbe789b038131aa6680ff4d5b383f3342c,DELETE,regular-file,notebooks/match_html_files/match_c517070e.html,274013,
651af7bcd3cda99e23a6e712664455c924d20640,DELETE,regular-file,notebooks/match_html_files/match_c5c5aa55.html,280176,
b46d9d5c7c042dea8c1a885926b237792413d512,DELETE,regular-file,notebooks/match_html_files/match_c605cbfa.html,288056,
92c5d5561654971434853030c38beaab496c4602,DELETE,regular-file,notebooks/match_html_files/match_c6558d7d.html,279978,
a7161468730ed095da29ea60c1e9f8e4e45fd84b,DELETE,regular-file,notebooks/match_html_files/match_c6df790b.html,270063,
5d19256e5fa04e1b0f4df63bc8e1d14232ae3f3c,DELETE,regular-file,notebooks/match_html_files/match_c6e91034.html,264111,
d36f66d46303427cdbfbb6f601c3929e973a3ad0,DELETE,regular-file,notebooks/match_html_files/match_c7123f09.html,283104,
40b3a90fa976c9291da6dcaad4b72f3969fa6761,DELETE,regular-file,notebooks/match_html_files/match_c78c16a1.html,264492,
11f02fdfcabdca592dc1a15f45bc77625174b637,DELETE,regular-file,notebooks/match_html_files/match_c866830c.html,279882,
8514f7e7616c341601024b129583e54b3e156dfe,DELETE,regular-file,notebooks/match_html_files/match_c8ac28b2.html,270844,
52c19d99b5f96377ee7b3f33eceba1c7fa9ac814,DELETE,regular-file,notebooks/match_html_files/match_c91958d4.html,278445,
1ba12604f462f4f080937cd7343a1ea87a821ab4,DELETE,regular-file,notebooks/match_html_files/match_c919bc72.html,285882,
daf0007c0b931fd44a578acdabc4daacd0dbe497,DELETE,regular-file,notebooks/match_html_files/match_c9c09e02.html,280301,
cac5b93401d6f478918fa07af30ca6e66e9832b7,DELETE,regular-file,notebooks/match_html_files/match_ca38eecc.html,278623,
437ea1c48f15154f6ece8a3bf7f589eaffa14967,DELETE,regular-file,notebooks/match_html_files/match_ca5bb662.html,275355,
ce9dc25982570522a0e163fd17a575198762bfae,DELETE,regular-file,notebooks/match_html_files/match_ca6b1e40.html,267523,
a383d66f4223738baf9f9c61ef1e2b6465d00352,DELETE,regular-file,notebooks/match_html_files/match_caadbdc9.html,266547,
d880b04ef28e37e6bac7a939e199056c6378d65b,DELETE,regular-file,notebooks/match_html_files/match_cb36f524.html,286501,
5c5c0732d66a73f086f5681c9fe78f5af89ad3fb,DELETE,regular-file,notebooks/match_html_files/match_cb78b384.html,289602,
5bb3cbe15bf6ac447c545eefed29e71c4f481f69,DELETE,regular-file,notebooks/match_html_files/match_ccf585fc.html,274882,
54fd8115554b713bc41d4d156909166184808045,DELETE,regular-file,notebooks/match_html_files/match_cd411b68.html,276491,
49dc83013dba23327cef1fdb6b4e39468852eb9d,DELETE,regular-file,notebooks/match_html_files/match_cd4fe8d3.html,284904,
ed1c1fa7f3874affec62ddefc760a8ce4d05c878,DELETE,regular-file,notebooks/match_html_files/match_cd5433b9.html,285550,
a9cdc60a26d0601ef1e2169a1c7b4f6c73bba621,DELETE,regular-file,notebooks/match_html_files/match_ce38ef6c.html,276791,
b7200dbb8cdbee930099f6566f1c0155d8b19d88,DELETE,regular-file,notebooks/match_html_files/match_cecd61f3.html,276256,
56ab061a53f82f868a2c17004a5301543335fa46,DELETE,regular-file,notebooks/match_html_files/match_cf65e0d0.html,277884,
2533e66e88e20e2ac4f031acd2e8692badb791a2,DELETE,regular-file,notebooks/match_html_files/match_cfce4a7e.html,287066,
276a8ecbe3d9402ca8f7c451d832d2968a04071d,DELETE,regular-file,notebooks/match_html_files/match_d0426a07.html,241009,
a7fc8e12e8982b25b85bbd6b137f6d8dff93f738,DELETE,regular-file,notebooks/match_html_files/match_d1f5bba9.html,285128,
c61ec3d1a8d840760a5c050e27dd4f846eaaaae8,DELETE,regular-file,notebooks/match_html_files/match_d231b19e.html,279837,
08917ef5f8d5fd75fc507e1b110d8403bbd5651b,DELETE,regular-file,notebooks/match_html_files/match_d2459fcd.html,288215,
932cb849093ee71245fad036833b9882d4d4518b,DELETE,regular-file,notebooks/match_html_files/match_d2ab9b15.html,273189,
18f64a9f8787d23076ff3d2ab3948ee71e9dbd53,DELETE,regular-file,notebooks/match_html_files/match_d3e24952.html,267595,
718844ecd5362870cc422619ec6c9171ef6bf51c,DELETE,regular-file,notebooks/match_html_files/match_d50220a4.html,277214,
d54d04a1cc971901919ea5f17d57f4f0c09ed5f2,DELETE,regular-file,notebooks/match_html_files/match_d5615e5b.html,246410,
1dad5eb5dd6a3bb8f345beed24434a86a45306ff,DELETE,regular-file,notebooks/match_html_files/match_d600cea9.html,281239,
aa52728ae5293110dd0cbe7f4dfa29899a3730ab,DELETE,regular-file,notebooks/match_html_files/match_d68ba0d9.html,265657,
20f6781d6f37f099aebeeb56d943f0bd5392b4e4,DELETE,regular-file,notebooks/match_html_files/match_d6aec4b1.html,275220,
52ffe47dd38456f637acd2abe699b188da578c80,DELETE,regular-file,notebooks/match_html_files/match_d6daa6a9.html,283193,
24335b2995b65764a8c5185749d383856abebf75,DELETE,regular-file,notebooks/match_html_files/match_d6fc1bfa.html,281655,
5b5e5675cbcda294f1ac59c337afcb6369b4b335,DELETE,regular-file,notebooks/match_html_files/match_d7011988.html,269395,
3674deb3e976490f72d442a1f3725b86b103daf5,DELETE,regular-file,notebooks/match_html_files/match_d844b93b.html,277267,
d507dc5556d4abf5c513a2d88e8b950417efa7bc,DELETE,regular-file,notebooks/match_html_files/match_d85bd112.html,274669,
606304613f4c98ca97f7870d5b2b1f9c7b58de5c,DELETE,regular-file,notebooks/match_html_files/match_d8f2bb6c.html,259022,
b911ad0fda7f80aa69b0c898cc2a1108e0823144,DELETE,regular-file,notebooks/match_html_files/match_da5fbe09.html,275337,
e373e6e82ff895b361424e645a5e84aa19669e3b,DELETE,regular-file,notebooks/match_html_files/match_dae49ac4.html,277132,
51843dcd8140f5f952f8b7b6713e93dde95c986e,DELETE,regular-file,notebooks/match_html_files/match_db1b8928.html,261876,
075ad0558a6d81fba6a04c52f91136e696a5cf24,DELETE,regular-file,notebooks/match_html_files/match_db3aa3b0.html,271143,
c94de3261188a4fc29512d32cdaec7492ae92114,DELETE,regular-file,notebooks/match_html_files/match_dc4da4e7.html,270360,
4952fc6a3cae24d7b828ee6ec8c57c3dbbd721ed,DELETE,regular-file,notebooks/match_html_files/match_dcd5f391.html,274933,
70142a93ae1cca4dee9e8dd03ef736f0e198feb7,DELETE,regular-file,notebooks/match_html_files/match_dd2c669d.html,266985,
bde115478747aeadc523defd2c8b3cd938725255,DELETE,regular-file,notebooks/match_html_files/match_decc5784.html,257525,
f39e4b5aab61dd8641e423df58b6845be9b6e4e3,DELETE,regular-file,notebooks/match_html_files/match_df22842d.html,286089,
a0003213c1f90f9e79371a3590c643e5c13f158e,DELETE,regular-file,notebooks/match_html_files/match_e01f2ab2.html,266382,
23e99db91669b98cd3b7a76cb3465b22c4d19407,DELETE,regular-file,notebooks/match_html_files/match_e03ef57f.html,278691,
fe418966b487477982109a7648df382a7b50ce04,DELETE,regular-file,notebooks/match_html_files/match_e0a6d860.html,286849,
4a48fa7feaf54bde41e343c0c4971baee6a915cd,DELETE,regular-file,notebooks/match_html_files/match_e0dc82d9.html,269440,
63e4279215358a2dcea545d1a821cb5664124180,DELETE,regular-file,notebooks/match_html_files/match_e12416e1.html,285355,
7eaa6460ddf728a02226137a0f8940f6237fe500,DELETE,regular-file,notebooks/match_html_files/match_e12b3240.html,281895,
afb5c5f9bd2511c9715ba00db4adb144c69615fe,DELETE,regular-file,notebooks/match_html_files/match_e1c34c58.html,274467,
ddaad25aa4663d3185270b13b68bf2f1b5733cb0,DELETE,regular-file,notebooks/match_html_files/match_e1e5105f.html,288467,
b453e1b054a3db4a8d9807fc7c175416de492f66,DELETE,regular-file,notebooks/match_html_files/match_e265026c.html,287490,
d3ffe51fa6ea7154667b3f36da8bcf1c0c0dc814,DELETE,regular-file,notebooks/match_html_files/match_e28c3d9a.html,274159,
cab5f8ff2801f186ffb741fa44ffdf21d6a2ce21,DELETE,regular-file,notebooks/match_html_files/match_e2a1b418.html,278102,
bca2b95cf7a5f31f0715594297aa61706940d673,DELETE,regular-file,notebooks/match_html_files/match_e308d8d8.html,274750,
87d8d123e4d5c24a84f54a7bae43c54b9093df6c,DELETE,regular-file,notebooks/match_html_files/match_e38fdb0f.html,269371,
56bb927f29f35c5b04f9e879b5c23be623ed7375,DELETE,regular-file,notebooks/match_html_files/match_e3a360d3.html,267953,
9f7dd4783eda14a3fa79ec4de2618da3ef340fe5,DELETE,regular-file,notebooks/match_html_files/match_e4707660.html,272546,
9e343fe675ee9924488255539e284d825fcaed2f,DELETE,regular-file,notebooks/match_html_files/match_e493bc1b.html,284686,
948f62e0bb7ff545277c429b6d30bac924538661,DELETE,regular-file,notebooks/match_html_files/match_e4c6e5a2.html,269777,
18382cabf50fe535dbba89f1cab7064f7bba2aff,DELETE,regular-file,notebooks/match_html_files/match_e60937a7.html,277815,
5a92917da4e73ab1afd03aa493a4192b7ff29d86,DELETE,regular-file,notebooks/match_html_files/match_e65c3820.html,275108,
041fd2c0dbf457bc2eb5c0daddf56a4651937d79,DELETE,regular-file,notebooks/match_html_files/match_e6c9e5d4.html,288543,
21911ab9337185a9ed2fe285eca3a26a1848d4d8,DELETE,regular-file,notebooks/match_html_files/match_e6f08fcf.html,273169,
d8bf57e60fa1a809a34d06aa8117198ce79c6ce3,DELETE,regular-file,notebooks/match_html_files/match_e7c7c23c.html,280962,
56970f6948c9bdbe9ec9d9b196ce8ebc5b9e2674,DELETE,regular-file,notebooks/match_html_files/match_e855070e.html,269737,
facaba7667cb4d369cc9efed0a2a495e6b75b8f1,DELETE,regular-file,notebooks/match_html_files/match_e87befd2.html,280626,
7d18eea1ec59f351d8524fb213ca02efcd2b510f,DELETE,regular-file,notebooks/match_html_files/match_e8ae45f5.html,277687,
0e099230b589ff4789eabe82bf961136f46750c1,DELETE,regular-file,notebooks/match_html_files/match_e8af8ca3.html,258700,
07ce475567ef3995784e7f365c911c821ba40e07,DELETE,regular-file,notebooks/match_html_files/match_e8c4b786.html,277679,
164c2b9f28820a84f498f5cf74b6d8aeccef2ce3,DELETE,regular-file,notebooks/match_html_files/match_e9e2fcf9.html,275900,
68db346c06e5ea330509ce0517e7f7dbe7e5183a,DELETE,regular-file,notebooks/match_html_files/match_ea9f09e6.html,284753,
38dd73c397e3625a5f8648e1c34a1bfd4359449e,DELETE,regular-file,notebooks/match_html_files/match_eace9837.html,272344,
3c950c26358d64f49d4e621e19f302779ae6145a,DELETE,regular-file,notebooks/match_html_files/match_eaf0b116.html,286890,
b759aa361b9179476c6c45f55bd5660a657498b4,DELETE,regular-file,notebooks/match_html_files/match_eb172ca3.html,242282,
d5f194eeebf4e930cb877573b8bf27a1082c8dfc,DELETE,regular-file,notebooks/match_html_files/match_eb456c25.html,282174,
37dbeebb3f44baad8d6d7f13543c29a557fff749,DELETE,regular-file,notebooks/match_html_files/match_eb621ced.html,278058,
32845e873774ad24e18cb0f82cc2cda24ee0317d,DELETE,regular-file,notebooks/match_html_files/match_eb7f25b6.html,282028,
6ff6bb8be82df0a1356e6c94dc02ba9644b8251e,DELETE,regular-file,notebooks/match_html_files/match_ec6febf9.html,271728,
4d16c55492524ed7ce7dccc1304fb305cc2c030c,DELETE,regular-file,notebooks/match_html_files/match_ed0821bd.html,287617,
c939de20c46a76ff5b2ba737afc87c02afa6218d,DELETE,regular-file,notebooks/match_html_files/match_ed540940.html,271867,
4663979ef493514eba6cf96b0c20f7c4fdd4c91e,DELETE,regular-file,notebooks/match_html_files/match_edd08e31.html,284090,
2e4a16fa961b12e83ae6986ed1ff1f31d3f539b6,DELETE,regular-file,notebooks/match_html_files/match_eddbe752.html,287233,
1400e82d8ae3b15831f68f8fd0e6434a94cf777e,DELETE,regular-file,notebooks/match_html_files/match_edfa82d4.html,270019,
a49a715d12fb33f1acf3279713697ad95013ec90,DELETE,regular-file,notebooks/match_html_files/match_ee29032d.html,274470,
f216d1fc346981f07bb10af3c2d3f93146d4e2ea,DELETE,regular-file,notebooks/match_html_files/match_ee9cc30e.html,273997,
0b3cf62811806905a7aa41b755dd05b2aa227a18,DELETE,regular-file,notebooks/match_html_files/match_eeb3b48d.html,270126,
c9b01b201d52c41d0af5acdef66e3d7a3ca4be5b,DELETE,regular-file,notebooks/match_html_files/match_eed6455b.html,273906,
57053c4d99321b1a6b4f689844506cd935a4b8ab,DELETE,regular-file,notebooks/match_html_files/match_ef2c6549.html,281304,
2af3938b5bab7c02e6e3727957c9f48b35cd8e22,DELETE,regular-file,notebooks/match_html_files/match_f0424777.html,272415,
23a1c5f08cdcfc5e12946f5a195f178fe627ebdf,DELETE,regular-file,notebooks/match_html_files/match_f057de15.html,277722,
2200a78d25912e6f9b08fa1726a1eb31a408e8d8,DELETE,regular-file,notebooks/match_html_files/match_f0b59875.html,275889,
12899dc6d7ec1b97002c9883a2eb9ebd8d86c422,DELETE,regular-file,notebooks/match_html_files/match_f13fd918.html,263583,
264aaaadbfe4ec758e505caf018f7ee7c1eb0628,DELETE,regular-file,notebooks/match_html_files/match_f142caa9.html,273898,
086c16f48a21b68f25da2cb9040c6d3c6777439b,DELETE,regular-file,notebooks/match_html_files/match_f193137b.html,272044,
8fe0147a5ffd8b3ccd25283f3942a29cf956c0f0,DELETE,regular-file,notebooks/match_html_files/match_f1a2a96d.html,280252,
c2eae2e5d1384079fdf78ce758a98f6a2d9ac700,DELETE,regular-file,notebooks/match_html_files/match_f1ce78a1.html,282881,
adcecc7e12ea7e62b7a483d5d384fc5e46268874,DELETE,regular-file,notebooks/match_html_files/match_f2348044.html,282338,
bbe8564d2e99e0241fbccba022e2caa1b9a6a963,DELETE,regular-file,notebooks/match_html_files/match_f25117a0.html,280680,
ac9364423d5532c69456f9953fdc795c760a53e2,DELETE,regular-file,notebooks/match_html_files/match_f2614a92.html,273533,
02708ba9fa97067f502e75e1ce9be5429c86905d,DELETE,regular-file,notebooks/match_html_files/match_f27037ec.html,284610,
eb1b1cb863f67fd51dcc89ed8b9721153e8a28d3,DELETE,regular-file,notebooks/match_html_files/match_f2a8f16b.html,273916,
094a822e77ac1039eb523dfd2a88b21ec3d9d9d6,DELETE,regular-file,notebooks/match_html_files/match_f36366a9.html,282944,
658beb97de15924376ebceb0d439fb556ed72712,DELETE,regular-file,notebooks/match_html_files/match_f384c739.html,277317,
4ccb059be831748fa7df3d40512c1578971ce083,DELETE,regular-file,notebooks/match_html_files/match_f39f5cc1.html,273807,
222913168007a0db5ee999b3c57cc41157c7b773,DELETE,regular-file,notebooks/match_html_files/match_f481adf8.html,371477,
694877360de841b01574d724988e7440f36b7289,DELETE,regular-file,notebooks/match_html_files/match_f4967720.html,286308,
b5cc6b8ae6628ee8846129a751ac049c33a3c64d,DELETE,regular-file,notebooks/match_html_files/match_f4b7003b.html,282316,
c84f5bedc03948331350f1a3c034e2d4eb1328f6,DELETE,regular-file,notebooks/match_html_files/match_f4e707e7.html,267906,
ccc7ff0bd466256073fa25e108dabf1cb35b7251,DELETE,regular-file,notebooks/match_html_files/match_f4ef0410.html,284817,
6dac0b9124f2f28ba3bfb2224a3c9aa9b152ee7e,DELETE,regular-file,notebooks/match_html_files/match_f542d0eb.html,283992,
4d5c48278353253e8194a9c3893059cdf04b81af,DELETE,regular-file,notebooks/match_html_files/match_f5582e60.html,266900,
4738c1f47e7f0f1e74fc02a43452a6dac6c10527,DELETE,regular-file,notebooks/match_html_files/match_f59d77ca.html,271538,
9b6c3c0ff4330acdc87790dbe59eb432be515ed0,DELETE,regular-file,notebooks/match_html_files/match_f6a0f221.html,273892,
cbc64b160675b262aeba70e49aa3fcb59e3d906f,DELETE,regular-file,notebooks/match_html_files/match_f6ec53f0.html,278804,
77ae7322be69ef91ad6f24c4608c9fdcdc0e4274,DELETE,regular-file,notebooks/match_html_files/match_f6ec8a8b.html,280814,
6bab7af3526f7ad420ef626f47d31739b4d85293,DELETE,regular-file,notebooks/match_html_files/match_f740ebaf.html,275525,
da059e3e7b74d96cab63ba6fb1d56f2dde469a01,DELETE,regular-file,notebooks/match_html_files/match_f7ec5018.html,268402,
0bd9ad7ab7d8ab7611e0f1c74dc03380ddf99967,DELETE,regular-file,notebooks/match_html_files/match_f8177893.html,273092,
0b8511fac3ba727020d8e518dc5e23a7c02be816,DELETE,regular-file,notebooks/match_html_files/match_f881e2c1.html,271984,
8f2178f62cbd3011d3ca3e432efc5d9190bba25f,DELETE,regular-file,notebooks/match_html_files/match_f8de4250.html,284241,
9bab0a8c66064a2b7aa84c61eacac3ea24743440,DELETE,regular-file,notebooks/match_html_files/match_fa063275.html,274687,
2570db2802b46290176b3608845656199afabe1e,DELETE,regular-file,notebooks/match_html_files/match_fa841c55.html,285390,
1055136c0501824f78cda36a778981d9bd0451b1,DELETE,regular-file,notebooks/match_html_files/match_fb3fee9e.html,270782,
17847b9bf52f69aa3e555bbcd2795279af419714,DELETE,regular-file,notebooks/match_html_files/match_fb569f13.html,276020,
1191d167cbf5bf99e8e3b6d7b9d00a78b30c467d,DELETE,regular-file,notebooks/match_html_files/match_fb592d13.html,282368,
97f9ad7e250aed7a239e4ba39831a6890dbdc31f,DELETE,regular-file,notebooks/match_html_files/match_fbc0a335.html,283055,
1a0ba50b38ee8899b46477ae97ef281fd0c7cc6c,DELETE,regular-file,notebooks/match_html_files/match_fd03e664.html,262293,
490c77b0e0c8fdf2b041f59f18a05a1c5e4e3716,DELETE,regular-file,notebooks/match_html_files/match_fd557bfc.html,271598,
63d73f9b99e3896bcd0e3ce0778f96d1fc77e5ad,DELETE,regular-file,notebooks/match_html_files/match_fd7738d7.html,276636,
b7c6c8c1a0c1bb7eaf30de6ea4ee6ad58effaf69,DELETE,regular-file,notebooks/match_html_files/match_fede5444.html,289509,
7fe930583109cfd84636ffca4670776498b25f17,DELETE,regular-file,notebooks/match_html_files/match_ff1e7c30.html,272081,
2f737661d3f474f8629d58e2a8549d162d75e812,DELETE,regular-file,notebooks/match_html_files/match_fff21e32.html,278434,
