player_id,player_name,nationality,born,player_url
64dbc61b,Lady Andrade,Lady Andrade,1992,https://fbref.com/en/players/64dbc61b/Lady-Andrade
097a7693,Andressinha,Andressinha,1995,https://fbref.com/en/players/097a7693/Andressinha
01e2b3bf,Jordan Angeli,Jordan Angeli,1986,https://fbref.com/en/players/01e2b3bf/Jordan-Angeli
332428f1,Nadine Angerer,Nadine Angerer,1978,https://fbref.com/en/players/332428f1/Nadine-Angerer
7af4865a,Leigh Ann Brown,Leigh Ann Brown,1986,https://fbref.com/en/players/7af4865a/Leigh-Ann-Brown
5abd4103,Genoveva Añonma,Genoveva Añonma,1987,https://fbref.com/en/players/5abd4103/Genoveva-Anonma
be56870b,Jazmyne Avant,Jazmyne Avant,1990,https://fbref.com/en/players/be56870b/Jazmyne-Avant
e4f80789,Yael Averbuch,Yael Averbuch,1986,https://fbref.com/en/players/e4f80789/Yael-Averbuch
54ff2521,Rachael Axon,Rachael Axon,1985,https://fbref.com/en/players/54ff2521/Rachael-Axon
e29e3055,Halimatu Ayinde,Halimatu Ayinde,1995,https://fbref.com/en/players/e29e3055/Halimatu-Ayinde
d75477b9,Allie Bailey,Allie Bailey,1993,https://fbref.com/en/players/d75477b9/Allie-Bailey
109f5c4c,Estefanía Banini,Estefanía Banini,1990,https://fbref.com/en/players/109f5c4c/Estefania-Banini
89b86077,Amy Barczuk,Amy Barczuk,1990,https://fbref.com/en/players/89b86077/Amy-Barczuk
380c9205,Lauren Barnes,Lauren Barnes,1989,https://fbref.com/en/players/380c9205/Lauren-Barnes
ad0f455b,Nicole Barnhart,Nicole Barnhart,1981,https://fbref.com/en/players/ad0f455b/Nicole-Barnhart
d708e965,Kate Bennett,Kate Bennett,,https://fbref.com/en/players/d708e965/Kate-Bennett
9e11e21d,Michelle Betos,Michelle Betos,1988,https://fbref.com/en/players/9e11e21d/Michelle-Betos
949f0d13,Bia,Bia,1985,https://fbref.com/en/players/949f0d13/Bia
0ac84745,Lynn Biyendolo,Lynn Biyendolo,1993,https://fbref.com/en/players/0ac84745/Lynn-Biyendolo
81330e2a,Brittany Bock,Brittany Bock,1987,https://fbref.com/en/players/81330e2a/Brittany-Bock
56a990cb,Liz Bogus,Liz Bogus,1984,https://fbref.com/en/players/56a990cb/Liz-Bogus
1ed0b2c4,Shannon Boxx,Shannon Boxx,1977,https://fbref.com/en/players/1ed0b2c4/Shannon-Boxx
f9f76078,Amber Brooks,Amber Brooks,1991,https://fbref.com/en/players/f9f76078/Amber-Brooks
610d853c,Ellie Brush,Ellie Brush,1988,https://fbref.com/en/players/610d853c/Ellie-Brush
6901b9c4,Jen Buczkowski,Jen Buczkowski,1985,https://fbref.com/en/players/6901b9c4/Jen-Buczkowski
a91d9194,Mariah Bullock,Mariah Bullock,1991,https://fbref.com/en/players/a91d9194/Mariah-Bullock
a2fb3efa,Brittany Cameron,Brittany Cameron,1986,https://fbref.com/en/players/a2fb3efa/Brittany-Cameron
ba4a4307,Camila,Camila,1994,https://fbref.com/en/players/ba4a4307/Camila
9ef5bf48,Steph Catley,Steph Catley,1994,https://fbref.com/en/players/9ef5bf48/Steph-Catley
c7541aff,Lori Chalupny,Lori Chalupny,1984,https://fbref.com/en/players/c7541aff/Lori-Chalupny
afcbf4d8,Allysha Chapman,Allysha Chapman,1989,https://fbref.com/en/players/afcbf4d8/Allysha-Chapman
5a405106,Josephine Chukwunonye,Josephine Chukwunonye,1992,https://fbref.com/en/players/5a405106/Josephine-Chukwunonye
5466991c,Whitney Church,Whitney Church,1993,https://fbref.com/en/players/5466991c/Whitney-Church
177040d4,Kaysie Clark,Kaysie Clark,1993,https://fbref.com/en/players/177040d4/Kaysie-Clark
24478b0c,Danielle Colaprico,Danielle Colaprico,1993,https://fbref.com/en/players/24478b0c/Danielle-Colaprico
17db9d7c,Taylor Comeau,Taylor Comeau,1993,https://fbref.com/en/players/17db9d7c/Taylor-Comeau
49fd636f,Rachel Corsie,Rachel Corsie,1989,https://fbref.com/en/players/49fd636f/Rachel-Corsie
88032c64,Stephanie Cox,Stephanie Cox,1986,https://fbref.com/en/players/88032c64/Stephanie-Cox
accb23bb,Niki Cross,Niki Cross,1985,https://fbref.com/en/players/accb23bb/Niki-Cross
db6fe165,Michelle Cruz,Michelle Cruz,1992,https://fbref.com/en/players/db6fe165/Michelle-Cruz
3b10df9c,Lindsi Cutshall,Lindsi Cutshall,1990,https://fbref.com/en/players/3b10df9c/Lindsi-Cutshall
b14d2016,Sabrina D'Angelo,Sabrina D'Angelo,1993,https://fbref.com/en/players/b14d2016/Sabrina-DAngelo
a6858188,Amanda DaCosta,Amanda DaCosta,1989,https://fbref.com/en/players/a6858188/Amanda-DaCosta
52b58405,Abby Dahlkemper,Abby Dahlkemper,1993,https://fbref.com/en/players/52b58405/Abby-Dahlkemper
d4247181,Kiersten Dallstream,Kiersten Dallstream,1988,https://fbref.com/en/players/d4247181/Kiersten-Dallstream
0fb66c70,Michele Dalton,Michele Dalton,1988,https://fbref.com/en/players/0fb66c70/Michele-Dalton
b28dae73,Jaelene Daniels,Jaelene Daniels,1993,https://fbref.com/en/players/b28dae73/Jaelene-Daniels
749960ec,Kim DeCesare,Kim DeCesare,1991,https://fbref.com/en/players/749960ec/Kim-DeCesare
287305e6,Laura del Río,Laura del Río,1983,https://fbref.com/en/players/287305e6/Laura-del-Rio
e940a089,Vanessa DiBernardo,Vanessa DiBernardo,1992,https://fbref.com/en/players/e940a089/Vanessa-DiBernardo
b574ff48,Theresa Diederich,Theresa Diederich,1992,https://fbref.com/en/players/b574ff48/Theresa-Diederich
a20c6459,Crystal Dunn,Crystal Dunn,1992,https://fbref.com/en/players/a20c6459/Crystal-Dunn
c4f44958,Caprice Dydasco,Caprice Dydasco,1993,https://fbref.com/en/players/c4f44958/Caprice-Dydasco
9002f1a5,Elizabeth Eddy,Elizabeth Eddy,1991,https://fbref.com/en/players/9002f1a5/Elizabeth-Eddy
1e3c5371,Kristen Edmonds,Kristen Edmonds,1987,https://fbref.com/en/players/1e3c5371/Kristen-Edmonds
4e99492b,Becky Edwards,Becky Edwards,1988,https://fbref.com/en/players/4e99492b/Becky-Edwards
c984f467,Whitney Engen,Whitney Engen,1987,https://fbref.com/en/players/c984f467/Whitney-Engen
c34e49ab,Abby Erceg,Abby Erceg,1989,https://fbref.com/en/players/c34e49ab/Abby-Erceg
e8079363,Julie Ertz,Julie Ertz,1992,https://fbref.com/en/players/e8079363/Julie-Ertz
c6a67ef1,Maddy Evans,Maddy Evans,1991,https://fbref.com/en/players/c6a67ef1/Maddy-Evans
5150af4f,Nkem Ezurike,Nkem Ezurike,1992,https://fbref.com/en/players/5150af4f/Nkem-Ezurike
34e16d35,Sinead Farrelly,Sinead Farrelly,1989,https://fbref.com/en/players/34e16d35/Sinead-Farrelly
ad856f64,Jamia Fields,Jamia Fields,1993,https://fbref.com/en/players/ad856f64/Jamia-Fields
ba51312d,Jonelle Filigno,Jonelle Filigno,1990,https://fbref.com/en/players/ba51312d/Jonelle-Filigno
11cfa9d6,Jess Fishlock,Jess Fishlock,1987,https://fbref.com/en/players/11cfa9d6/Jess-Fishlock
1a89c2bd,Kendall Fletcher,Kendall Fletcher,1984,https://fbref.com/en/players/1a89c2bd/Kendall-Fletcher
019544ff,Caitlin Foord,Caitlin Foord,1994,https://fbref.com/en/players/019544ff/Caitlin-Foord
911af3bb,Danielle Foxhoven,Danielle Foxhoven,1989,https://fbref.com/en/players/911af3bb/Danielle-Foxhoven
5c9f4456,Katy Freels,Katy Freels,1990,https://fbref.com/en/players/5c9f4456/Katy-Freels
988dbb0c,Amanda Frisbie,Amanda Frisbie,1992,https://fbref.com/en/players/988dbb0c/Amanda-Frisbie
f44c4259,Morgan Gautrat,Morgan Gautrat,1993,https://fbref.com/en/players/f44c4259/Morgan-Gautrat
473ec793,CoCo Goodson,CoCo Goodson,1990,https://fbref.com/en/players/473ec793/CoCo-Goodson
f813a581,Shawna Gordon,Shawna Gordon,1990,https://fbref.com/en/players/f813a581/Shawna-Gordon
ee96ceb8,Shea Groom,Shea Groom,1993,https://fbref.com/en/players/ee96ceb8/Shea-Groom
c796268e,Kristin Grubka,Kristin Grubka,1992,https://fbref.com/en/players/c796268e/Kristin-Grubka
04f6fcee,Sarah Hagen,Sarah Hagen,1989,https://fbref.com/en/players/04f6fcee/Sarah-Hagen
93d9a391,Kristen Hamilton,Kristen Hamilton,1992,https://fbref.com/en/players/93d9a391/Kristen-Hamilton
4c7ad183,Ashlyn Harris,Ashlyn Harris,1985,https://fbref.com/en/players/4c7ad183/Ashlyn-Harris
a8e7e71e,Kelsey Haycook,Kelsey Haycook,1993,https://fbref.com/en/players/a8e7e71e/Kelsey-Haycook
a031e21e,Maya Hayes,Maya Hayes,1992,https://fbref.com/en/players/a031e21e/Maya-Hayes
59ef6268,Tobin Heath,Tobin Heath,1988,https://fbref.com/en/players/59ef6268/Tobin-Heath
fa6c11a1,Taryn Hemmings,Taryn Hemmings,1986,https://fbref.com/en/players/fa6c11a1/Taryn-Hemmings
bf412415,Melissa Henderson,Melissa Henderson,1989,https://fbref.com/en/players/bf412415/Melissa-Henderson
533aa7b5,Bianca Henninger,Bianca Henninger,1990,https://fbref.com/en/players/533aa7b5/Bianca-Henninger
9f42ca7d,Michelle Heyman,Michelle Heyman,1988,https://fbref.com/en/players/9f42ca7d/Michelle-Heyman
987fd7be,Lauren Holiday,Lauren Holiday,1987,https://fbref.com/en/players/987fd7be/Lauren-Holiday
cc3e04ce,Riley Houle,Riley Houle,,https://fbref.com/en/players/cc3e04ce/Riley-Houle
fe48520d,Jen Hoy,Jen Hoy,1991,https://fbref.com/en/players/fe48520d/Jen-Hoy
570faa60,Sofia Huerta,Sofia Huerta,1992,https://fbref.com/en/players/570faa60/Sofia-Huerta
3b1156ac,Tori Huster,Tori Huster,1989,https://fbref.com/en/players/3b1156ac/Tori-Huster
bac69c3a,Jordan Jackson,Jordan Jackson,1990,https://fbref.com/en/players/bac69c3a/Jordan-Jackson
51e07369,Sarah Jackson,Sarah Jackson,1991,https://fbref.com/en/players/51e07369/Sarah-Jackson
3796b394,Leigh Jakes,Leigh Jakes,1988,https://fbref.com/en/players/3796b394/Leigh-Jakes
f0ac227b,Chanel Johnson,Chanel Johnson,1993,https://fbref.com/en/players/f0ac227b/Chanel-Johnson
6c6d7d3b,Estelle Johnson,Estelle Johnson,1988,https://fbref.com/en/players/6c6d7d3b/Estelle-Johnson
f212101a,Kendall Johnson,Kendall Johnson,1991,https://fbref.com/en/players/f212101a/Kendall-Johnson
c130f258,Samantha Johnson,Samantha Johnson,1991,https://fbref.com/en/players/c130f258/Samantha-Johnson
2513a812,Chantel Jones,Chantel Jones,1988,https://fbref.com/en/players/2513a812/Chantel-Jones
aec31f3e,Robyn Jones,Robyn Jones,1985,https://fbref.com/en/players/aec31f3e/Robyn-Jones
a87b91af,Kassey Kallman,Kassey Kallman,1992,https://fbref.com/en/players/a87b91af/Kassey-Kallman
fd43b69f,Caroline Kastor,Caroline Kastor,1991,https://fbref.com/en/players/fd43b69f/Caroline-Kastor
6a435e8d,Sam Kerr,Sam Kerr,1993,https://fbref.com/en/players/6a435e8d/Sam-Kerr
e13e096b,Julie King,Julie King,1989,https://fbref.com/en/players/e13e096b/Julie-King
020eaa4d,Aubrey Kingsbury,Aubrey Kingsbury,1991,https://fbref.com/en/players/020eaa4d/Aubrey-Kingsbury
6fedfa1d,Alyssa Kleiner,Alyssa Kleiner,1993,https://fbref.com/en/players/6fedfa1d/Alyssa-Kleiner
22a2b293,Meghan Klingenberg,Meghan Klingenberg,1988,https://fbref.com/en/players/22a2b293/Meghan-Klingenberg
8f93035b,Brittany Kolmel,Brittany Kolmel,1987,https://fbref.com/en/players/8f93035b/Brittany-Kolmel
85a11d14,Haley Kopmeyer,Haley Kopmeyer,1990,https://fbref.com/en/players/85a11d14/Haley-Kopmeyer
ecc8f211,Jami Kranich,Jami Kranich,1992,https://fbref.com/en/players/ecc8f211/Jami-Kranich
21922d46,Ali Krieger,Ali Krieger,1984,https://fbref.com/en/players/21922d46/Ali-Krieger
85b0dab3,Camilla Kur Larsen,Camilla Kur Larsen,1989,https://fbref.com/en/players/85b0dab3/Camilla-Kur-Larsen
7d0d9b4e,Kaylyn Kyle,Kaylyn Kyle,1988,https://fbref.com/en/players/7d0d9b4e/Kaylyn-Kyle
e4ef9beb,Lo'eau LaBonta,Lo'eau LaBonta,1993,https://fbref.com/en/players/e4ef9beb/Loeau-LaBonta
e588c6c3,Mandy Laddish,Mandy Laddish,1992,https://fbref.com/en/players/e588c6c3/Mandy-Laddish
732b020b,Jen LaPonte,Jen LaPonte,1989,https://fbref.com/en/players/732b020b/Jen-LaPonte
d0743fc8,Lauren Lazo,Lauren Lazo,1993,https://fbref.com/en/players/d0743fc8/Lauren-Lazo
d3ce5b67,Karina LeBlanc,Karina LeBlanc,1980,https://fbref.com/en/players/d3ce5b67/Karina-LeBlanc
15c7bfb7,Adriana Leon,Adriana Leon,1992,https://fbref.com/en/players/15c7bfb7/Adriana-Leon
77989176,Amy LePeilbet,Amy LePeilbet,1982,https://fbref.com/en/players/77989176/Amy-LePeilbet
7d7d1c00,Sydney Leroux,Sydney Leroux,1990,https://fbref.com/en/players/7d7d1c00/Sydney-Leroux
a53f593b,Camille Levin,Camille Levin,1990,https://fbref.com/en/players/a53f593b/Camille-Levin
63727657,Meghan Lisenby,Meghan Lisenby,1992,https://fbref.com/en/players/63727657/Meghan-Lisenby
bef86627,Kim Little,Kim Little,1990,https://fbref.com/en/players/bef86627/Kim-Little
f9589b2d,Carli Lloyd,Carli Lloyd,1982,https://fbref.com/en/players/f9589b2d/Carli-Lloyd
399b0fa4,Joanna Lohman,Joanna Lohman,1982,https://fbref.com/en/players/399b0fa4/Joanna-Lohman
63d04257,Michelle Lomnicki,Michelle Lomnicki,1987,https://fbref.com/en/players/63d04257/Michelle-Lomnicki
ab2811ad,Allie Long,Allie Long,1987,https://fbref.com/en/players/ab2811ad/Allie-Long
f8d71e8a,Mary Luba,Mary Luba,1993,https://fbref.com/en/players/f8d71e8a/Mary-Luba
2811e7f3,Taylor Lytle,Taylor Lytle,1989,https://fbref.com/en/players/2811e7f3/Taylor-Lytle
8029a2bd,Morgan Marlborough,Morgan Marlborough,1990,https://fbref.com/en/players/8029a2bd/Morgan-Marlborough
09873d76,Ella Masar,Ella Masar,1986,https://fbref.com/en/players/09873d76/Ella-Masar
2fbb9565,Diana Matheson,Diana Matheson,1984,https://fbref.com/en/players/2fbb9565/Diana-Matheson
98d7b49e,Merritt Mathias,Merritt Mathias,1990,https://fbref.com/en/players/98d7b49e/Merritt-Mathias
7a8dbc0f,Alyssa Mautz,Alyssa Mautz,1989,https://fbref.com/en/players/7a8dbc0f/Alyssa-Mautz
759fc7db,Stephanie McCaffrey,Stephanie McCaffrey,1993,https://fbref.com/en/players/759fc7db/Stephanie-McCaffrey
3955931a,Hayley McCall,Hayley McCall,1992,https://fbref.com/en/players/3955931a/Hayley-McCall
0eee4661,Tiffany McCarty,Tiffany McCarty,1990,https://fbref.com/en/players/0eee4661/Tiffany-McCarty
54913297,Kelley McCloskey,Kelley McCloskey,1991,https://fbref.com/en/players/54913297/Kelley-McCloskey
2b512abc,Jessica McDonald,Jessica McDonald,1988,https://fbref.com/en/players/2b512abc/Jessica-McDonald
0746d6c2,Erin McLeod,Erin McLeod,1983,https://fbref.com/en/players/0746d6c2/Erin-McLeod
acbf23b6,Emily Menges,Emily Menges,1992,https://fbref.com/en/players/acbf23b6/Emily-Menges
cd5e683b,Kristie Mewis,Kristie Mewis,1991,https://fbref.com/en/players/cd5e683b/Kristie-Mewis
9faa1610,Sam Mewis,Sam Mewis,1992,https://fbref.com/en/players/9faa1610/Sam-Mewis
b7936b81,Caroline Miller,Caroline Miller,1991,https://fbref.com/en/players/b7936b81/Caroline-Miller
1a64f434,Alex Morgan,Alex Morgan,1989,https://fbref.com/en/players/1a64f434/Alex-Morgan
06adfc22,Rebecca Moros,Rebecca Moros,1985,https://fbref.com/en/players/06adfc22/Rebecca-Moros
800ff11c,Meg Morris,Meg Morris,1992,https://fbref.com/en/players/800ff11c/Meg-Morris
4f24c672,Nadia Nadim,Nadia Nadim,1988,https://fbref.com/en/players/4f24c672/Nadia-Nadim
4c1ee572,Alyssa Naeher,Alyssa Naeher,1988,https://fbref.com/en/players/4c1ee572/Alyssa-Naeher
2a590b68,Christine Nairn,Christine Nairn,1990,https://fbref.com/en/players/2a590b68/Christine-Nairn
be5e2b41,Ajara Nchout,Ajara Nchout,1993,https://fbref.com/en/players/be5e2b41/Ajara-Nchout
eec1bf4f,Ashley Nick,Ashley Nick,1987,https://fbref.com/en/players/eec1bf4f/Ashley-Nick
9f4a3772,Courtney Niemiec,Courtney Niemiec,1992,https://fbref.com/en/players/9f4a3772/Courtney-Niemiec
5ebefe20,Kelley O'Hara,Kelley O'Hara,1988,https://fbref.com/en/players/5ebefe20/Kelley-OHara
1590d091,Heather O'Reilly,Heather O'Reilly,1985,https://fbref.com/en/players/1590d091/Heather-OReilly
a048cb2f,Stephanie Ochs,Stephanie Ochs,1990,https://fbref.com/en/players/a048cb2f/Stephanie-Ochs
d2e80d3d,Ngozi Okobi,Ngozi Okobi,1993,https://fbref.com/en/players/d2e80d3d/Ngozi-Okobi
483fb7c0,Francisca Ordega,Francisca Ordega,1993,https://fbref.com/en/players/483fb7c0/Francisca-Ordega
8f11092f,Megan Oyster,Megan Oyster,1992,https://fbref.com/en/players/8f11092f/Megan-Oyster
8eccbd50,Mollie Pathman,Mollie Pathman,1992,https://fbref.com/en/players/8eccbd50/Mollie-Pathman
beff85c7,Christie Pearce,Christie Pearce,1975,https://fbref.com/en/players/beff85c7/Christie-Pearce
fb0e0107,Suzane Pires,Suzane Pires,1992,https://fbref.com/en/players/fb0e0107/Suzane-Pires
b0cdb3e4,Clare Polkinghorne,Clare Polkinghorne,1989,https://fbref.com/en/players/b0cdb3e4/Clare-Polkinghorne
54724f13,Shade Pratt,Shade Pratt,1993,https://fbref.com/en/players/54724f13/Shade-Pratt
fe95f6e7,Christen Press,Christen Press,1988,https://fbref.com/en/players/fe95f6e7/Christen-Press
3d2972d6,Toni Pressley,Toni Pressley,1990,https://fbref.com/en/players/3d2972d6/Toni-Pressley
484c8938,Cami Privett,Cami Privett,1993,https://fbref.com/en/players/484c8938/Cami-Privett
f451750d,Rachel Quon,Rachel Quon,1991,https://fbref.com/en/players/f451750d/Rachel-Quon
392e6eb5,Rafinha,Rafinha,1988,https://fbref.com/en/players/392e6eb5/Rafinha
8b7ddf10,Megan Rapinoe,Megan Rapinoe,1985,https://fbref.com/en/players/8b7ddf10/Megan-Rapinoe
4a4fc01f,Hayley Raso,Hayley Raso,1994,https://fbref.com/en/players/4a4fc01f/Hayley-Raso
74f170fe,Elli Reed,Elli Reed,1989,https://fbref.com/en/players/74f170fe/Elli-Reed
d6a5b17b,Katherine Reynolds,Katherine Reynolds,1987,https://fbref.com/en/players/d6a5b17b/Katherine-Reynolds
35ff7363,Sarah Robbins,Sarah Robbins,1992,https://fbref.com/en/players/35ff7363/Sarah-Robbins
8fd13891,Stephanie Roche,Stephanie Roche,1989,https://fbref.com/en/players/8fd13891/Stephanie-Roche
3bc75a1a,Amy Rodriguez,Amy Rodriguez,1987,https://fbref.com/en/players/3bc75a1a/Amy-Rodriguez
01ec0220,Katelyn Rowland,Katelyn Rowland,1994,https://fbref.com/en/players/01ec0220/Katelyn-Rowland
3ad6a01a,Angela Salem,Angela Salem,1988,https://fbref.com/en/players/3ad6a01a/Angela-Salem
94ce95e3,Lianne Sanderson,Lianne Sanderson,1988,https://fbref.com/en/players/94ce95e3/Lianne-Sanderson
d2612e86,Becky Sauerbrunn,Becky Sauerbrunn,1985,https://fbref.com/en/players/d2612e86/Becky-Sauerbrunn
db2aac86,Katie Schoepfer,Katie Schoepfer,1988,https://fbref.com/en/players/db2aac86/Katie-Schoepfer
cac37055,Lauren Sesselmann,Lauren Sesselmann,1983,https://fbref.com/en/players/cac37055/Lauren-Sesselmann
a2003d2d,Meleana Shim,Meleana Shim,1991,https://fbref.com/en/players/a2003d2d/Meleana-Shim
faaae58c,Frances Silva,Frances Silva,1992,https://fbref.com/en/players/faaae58c/Frances-Silva
aee12c52,Kyah Simon,Kyah Simon,1991,https://fbref.com/en/players/aee12c52/Kyah-Simon
8d7667f4,Christine Sinclair,Christine Sinclair,1983,https://fbref.com/en/players/8d7667f4/Christine-Sinclair
0e53dd2e,Alex Singer,Alex Singer,1987,https://fbref.com/en/players/0e53dd2e/Alex-Singer
9f7cccaa,Jennifer Skogerboe,Jennifer Skogerboe,1992,https://fbref.com/en/players/9f7cccaa/Jennifer-Skogerboe
88414ae7,Hope Solo,Hope Solo,1981,https://fbref.com/en/players/88414ae7/Hope-Solo
504f99ae,Jasmyne Spencer,Jasmyne Spencer,1990,https://fbref.com/en/players/504f99ae/Jasmyne-Spencer
55cffb69,Caroline Stanley,Caroline Stanley,1993,https://fbref.com/en/players/55cffb69/Caroline-Stanley
ff322b25,Nikki Stanton,Nikki Stanton,1990,https://fbref.com/en/players/ff322b25/Nikki-Stanton
c0bf220c,Chelsea Stewart,Chelsea Stewart,1990,https://fbref.com/en/players/c0bf220c/Chelsea-Stewart
49a16c2d,Melissa Tancredi,Melissa Tancredi,1981,https://fbref.com/en/players/49a16c2d/Melissa-Tancredi
dc02c40a,Jodie Taylor,Jodie Taylor,1986,https://fbref.com/en/players/dc02c40a/Jodie-Taylor
d51434db,Rachel Tejada,Rachel Tejada,1993,https://fbref.com/en/players/d51434db/Rachel-Tejada
ecfc6aea,Hanna Terry,Hanna Terry,1990,https://fbref.com/en/players/ecfc6aea/Hanna-Terry
8443ab57,Erika Tymrak,Erika Tymrak,1991,https://fbref.com/en/players/8443ab57/Erika-Tymrak
e6f4045e,Rachel Van Hollebeke,Rachel Van Hollebeke,1985,https://fbref.com/en/players/e6f4045e/Rachel-Van-Hollebeke
613c3da2,Katrine Veje,Katrine Veje,1991,https://fbref.com/en/players/613c3da2/Katrine-Veje
2c3b6330,Stephanie Verdoia,Stephanie Verdoia,1993,https://fbref.com/en/players/2c3b6330/Stephanie-Verdoia
0113e22f,Maruschka Waldus,Maruschka Waldus,1992,https://fbref.com/en/players/0113e22f/Maruschka-Waldus
266a4d91,Cara Walls,Cara Walls,1993,https://fbref.com/en/players/266a4d91/Cara-Walls
0524b8ce,Kealia Watt,Kealia Watt,1992,https://fbref.com/en/players/0524b8ce/Kealia-Watt
5bfa9f9d,Tiffany Weimer,Tiffany Weimer,1983,https://fbref.com/en/players/5bfa9f9d/Tiffany-Weimer
817f0d71,Cat Whitehill,Cat Whitehill,1982,https://fbref.com/en/players/817f0d71/Cat-Whitehill
9f30d749,Ketlen Wiggers,Ketlen Wiggers,1992,https://fbref.com/en/players/9f30d749/Ketlen-Wiggers
a901dadb,Rhian Wilkinson,Rhian Wilkinson,1982,https://fbref.com/en/players/a901dadb/Rhian-Wilkinson
71fee688,Carleigh Williams,Carleigh Williams,1992,https://fbref.com/en/players/71fee688/Carleigh-Williams
e06b483f,Kat Williamson,Kat Williamson,1989,https://fbref.com/en/players/e06b483f/Kat-Williamson
10561425,Keelin Winters,Keelin Winters,1988,https://fbref.com/en/players/10561425/Keelin-Winters
fc112dbc,Sarah Woldmoe,Sarah Woldmoe,1992,https://fbref.com/en/players/fc112dbc/Sarah-Woldmoe
ab32d8cc,Rachel Wood,Rachel Wood,1990,https://fbref.com/en/players/ab32d8cc/Rachel-Wood
2b0527c9,Arin Wright,Arin Wright,1992,https://fbref.com/en/players/2b0527c9/Arin-Wright
491d680f,Kelsey Wys,Kelsey Wys,1991,https://fbref.com/en/players/491d680f/Kelsey-Wys
c899177a,Beverly Yanez,Beverly Yanez,1988,https://fbref.com/en/players/c899177a/Beverly-Yanez
19ade833,McCall Zerboni,McCall Zerboni,1986,https://fbref.com/en/players/19ade833/McCall-Zerboni
c9a34fc1,Laura Alleway,Laura Alleway,1989,https://fbref.com/en/players/c9a34fc1/Laura-Alleway
8b86d6d3,Alex Arlitt,Alex Arlitt,1993,https://fbref.com/en/players/8b86d6d3/Alex-Arlitt
be263fe7,Eunice Beckmann,Eunice Beckmann,1992,https://fbref.com/en/players/be263fe7/Eunice-Beckmann
8fc17839,Josée Bélanger,Josée Bélanger,1986,https://fbref.com/en/players/8fc17839/Josee-Belanger
bd836a67,McKenzie Berryhill,McKenzie Berryhill,1993,https://fbref.com/en/players/bd836a67/McKenzie-Berryhill
9fb7f4cb,Celeste Boureille,Celeste Boureille,1994,https://fbref.com/en/players/9fb7f4cb/Celeste-Boureille
aae0d96d,Katie Bowen,Katie Bowen,1994,https://fbref.com/en/players/aae0d96d/Katie-Bowen
e483bd89,Dagný Brynjarsdóttir,Dagný Brynjarsdóttir,1991,https://fbref.com/en/players/e483bd89/Dagny-Brynjarsdottir
259e1563,Christina Burkenroad,Christina Burkenroad,1993,https://fbref.com/en/players/259e1563/Christina-Burkenroad
1ec19334,Caroline Casey,Caroline Casey,1994,https://fbref.com/en/players/1ec19334/Caroline-Casey
1722c1c3,Janice Cayman,Janice Cayman,1988,https://fbref.com/en/players/1722c1c3/Janice-Cayman
fa737db3,Kelly Conheeney,Kelly Conheeney,1991,https://fbref.com/en/players/fa737db3/Kelly-Conheeney
f1c9aac8,Megan Crosson,Megan Crosson,1994,https://fbref.com/en/players/f1c9aac8/Megan-Crosson
7fa35ec9,Rachel Daly,Rachel Daly,1991,https://fbref.com/en/players/7fa35ec9/Rachel-Daly
88fb9f93,Lisa De Vanna,Lisa De Vanna,1984,https://fbref.com/en/players/88fb9f93/Lisa-De-Vanna
2d4436d1,Makenzy Doniak,Makenzy Doniak,1994,https://fbref.com/en/players/2d4436d1/Makenzy-Doniak
b3a53694,Natasha Dowie,Natasha Dowie,1988,https://fbref.com/en/players/b3a53694/Natasha-Dowie
c66f3746,Britt Eckerstrom,Britt Eckerstrom,1993,https://fbref.com/en/players/c66f3746/Britt-Eckerstrom
a2611ce9,Brooke Elby,Brooke Elby,1993,https://fbref.com/en/players/a2611ce9/Brooke-Elby
5409334c,Lindsay Elston,Lindsay Elston,1992,https://fbref.com/en/players/5409334c/Lindsay-Elston
4b7864fd,Cali Farquharson,Cali Farquharson,1993,https://fbref.com/en/players/4b7864fd/Cali-Farquharson
864f0d4b,Maureen Fitzgerald,Maureen Fitzgerald,,https://fbref.com/en/players/864f0d4b/Maureen-Fitzgerald
bed5296d,Jannelle Flaws,Jannelle Flaws,1991,https://fbref.com/en/players/bed5296d/Jannelle-Flaws
a204c6bd,Tessa Florio-Gavilsky,Tessa Florio-Gavilsky,1989,https://fbref.com/en/players/a204c6bd/Tessa-Florio-Gavilsky
2e6685b1,Leah Fortune,Leah Fortune,1990,https://fbref.com/en/players/2e6685b1/Leah-Fortune
2d2234cf,Adrianna Franch,Adrianna Franch,1990,https://fbref.com/en/players/2d2234cf/Adrianna-Franch
a0e999a4,Jeon Ga-eul,Jeon Ga-eul,1988,https://fbref.com/en/players/a0e999a4/Jeon-Ga-eul
c3d37cec,Leah Galton,Leah Galton,1994,https://fbref.com/en/players/c3d37cec/Leah-Galton
c6122e4b,Sarah Gorden,Sarah Gorden,1992,https://fbref.com/en/players/c6122e4b/Sarah-Gorden
64ae0b69,Michaela Hahn,Michaela Hahn,1994,https://fbref.com/en/players/64ae0b69/Michaela-Hahn
cfc79262,Caity Heap,Caity Heap,1994,https://fbref.com/en/players/cfc79262/Caity-Heap
a8a538a8,Lindsey Heaps,Lindsey Heaps,1994,https://fbref.com/en/players/a8a538a8/Lindsey-Heaps
eb24542f,Amandine Henry,Amandine Henry,1989,https://fbref.com/en/players/eb24542f/Amandine-Henry
6a3de7b8,Line Jensen,Line Jensen,1991,https://fbref.com/en/players/6a3de7b8/Line-Jensen
e1275a44,Natasha Kai,Natasha Kai,1983,https://fbref.com/en/players/e1275a44/Natasha-Kai
3296a4ef,Ghoutia Karchouni,Ghoutia Karchouni,1995,https://fbref.com/en/players/3296a4ef/Ghoutia-Karchouni
05e20bac,Nahomi Kawasumi,Nahomi Kawasumi,1985,https://fbref.com/en/players/05e20bac/Nahomi-Kawasumi
8252bc62,Alanna Kennedy,Alanna Kennedy,1995,https://fbref.com/en/players/8252bc62/Alanna-Kennedy
78a0e657,Elise Krieghoff,Elise Krieghoff,1993,https://fbref.com/en/players/78a0e657/Elise-Krieghoff
ed06502e,Casey Krueger,Casey Krueger,1990,https://fbref.com/en/players/ed06502e/Casey-Krueger
43675287,Stephanie Labbé,Stephanie Labbé,1986,https://fbref.com/en/players/43675287/Stephanie-Labbe
fa5e9ae1,Katie Lind,Katie Lind,1994,https://fbref.com/en/players/fa5e9ae1/Katie-Lind
f32dc7a8,Sam Lofton,Sam Lofton,1992,https://fbref.com/en/players/f32dc7a8/Sam-Lofton
45755108,Cheyna Matthews,Cheyna Matthews,1993,https://fbref.com/en/players/45755108/Cheyna-Matthews
552a18e9,Manon Melis,Manon Melis,1986,https://fbref.com/en/players/552a18e9/Manon-Melis
5bdededa,Molly Menchel,Molly Menchel,1991,https://fbref.com/en/players/5bdededa/Molly-Menchel
fc36eaca,Mônica,Mônica,1978,https://fbref.com/en/players/fc36eaca/Monica
3c923c90,Alexa Newfield,Alexa Newfield,1991,https://fbref.com/en/players/3c923c90/Alexa-Newfield
2a0f0a55,Paige Nielsen,Paige Nielsen,1993,https://fbref.com/en/players/2a0f0a55/Paige-Nielsen
2f3ffc2d,Denise O'Sullivan,Denise O'Sullivan,1994,https://fbref.com/en/players/2f3ffc2d/Denise-OSullivan
61531e4e,Carson Pickett,Carson Pickett,1993,https://fbref.com/en/players/61531e4e/Carson-Pickett
9f58ec12,Poliana,Poliana,1991,https://fbref.com/en/players/9f58ec12/Poliana
788a0aa6,Courtney Raetzman,Courtney Raetzman,1994,https://fbref.com/en/players/788a0aa6/Courtney-Raetzman
34603a7a,Brittany Ratcliffe,Brittany Ratcliffe,1994,https://fbref.com/en/players/34603a7a/Brittany-Ratcliffe
715e3c60,Brianne Reed,Brianne Reed,1994,https://fbref.com/en/players/715e3c60/Brianne-Reed
0c294f61,Domi Richardson,Domi Richardson,1992,https://fbref.com/en/players/0c294f61/Domi-Richardson
56f16bc7,Cari Roccaro,Cari Roccaro,1994,https://fbref.com/en/players/56f16bc7/Cari-Roccaro
362b4969,Raquel Rodríguez,Raquel Rodríguez,1993,https://fbref.com/en/players/362b4969/Raquel-Rodriguez
dd1aa784,Kaitlyn Savage,Kaitlyn Savage,1990,https://fbref.com/en/players/dd1aa784/Kaitlyn-Savage
3ba0e385,Louise Schillgard,Louise Schillgard,1989,https://fbref.com/en/players/3ba0e385/Louise-Schillgard
77b7f4c6,Danielle Schulmann,Danielle Schulmann,1989,https://fbref.com/en/players/77b7f4c6/Danielle-Schulmann
38c57ecb,Desiree Scott,Desiree Scott,1987,https://fbref.com/en/players/38c57ecb/Desiree-Scott
99b8bc28,Erin Simon,Erin Simon,1994,https://fbref.com/en/players/99b8bc28/Erin-Simon
f365adb4,Erica Skroski,Erica Skroski,1994,https://fbref.com/en/players/f365adb4/Erica-Skroski
947d22fb,Abby Smith,Abby Smith,1993,https://fbref.com/en/players/947d22fb/Abby-Smith
97f414ac,Taylor Smith,Taylor Smith,1993,https://fbref.com/en/players/97f414ac/Taylor-Smith
0b5d0282,Havana Solaun,Havana Solaun,1993,https://fbref.com/en/players/0b5d0282/Havana-Solaun
43466fe0,Janine Sonis,Janine Sonis,1994,https://fbref.com/en/players/43466fe0/Janine-Sonis
08acd418,Emily Sonnett,Emily Sonnett,1993,https://fbref.com/en/players/08acd418/Emily-Sonnett
3ed16dcd,Meredith Speck,Meredith Speck,1993,https://fbref.com/en/players/3ed16dcd/Meredith-Speck
78078a19,Katie Stengel,Katie Stengel,1992,https://fbref.com/en/players/78078a19/Katie-Stengel
b91a422e,Libby Stout,Libby Stout,1990,https://fbref.com/en/players/b91a422e/Libby-Stout
7f140cb9,Kylie Strom,Kylie Strom,1992,https://fbref.com/en/players/7f140cb9/Kylie-Strom
9e0e2683,Andi Tostanoski,Andi Tostanoski,1994,https://fbref.com/en/players/9e0e2683/Andi-Tostanoski
ea933d6b,Chioma Ubogagu,Chioma Ubogagu,1992,https://fbref.com/en/players/ea933d6b/Chioma-Ubogagu
8897a49d,Rumi Utsugi,Rumi Utsugi,1988,https://fbref.com/en/players/8897a49d/Rumi-Utsugi
442d8200,Dani Weatherholt,Dani Weatherholt,1994,https://fbref.com/en/players/442d8200/Dani-Weatherholt
c80112bf,Mallory Weber,Mallory Weber,1994,https://fbref.com/en/players/c80112bf/Mallory-Weber
274666f1,Christen Westphal,Christen Westphal,1993,https://fbref.com/en/players/274666f1/Christen-Westphal
ccf22f56,Lydia Williams,Lydia Williams,1988,https://fbref.com/en/players/ccf22f56/Lydia-Williams
7cfc8b0b,Sam Witteman,Sam Witteman,1994,https://fbref.com/en/players/7cfc8b0b/Sam-Witteman
23aceac3,Shelina Zadorsky,Shelina Zadorsky,1992,https://fbref.com/en/players/23aceac3/Shelina-Zadorsky
c6e46073,Catherine Zimmerman,Catherine Zimmerman,1994,https://fbref.com/en/players/c6e46073/Catherine-Zimmerman
13a319fa,Lindsay Agnew,Lindsay Agnew,1995,https://fbref.com/en/players/13a319fa/Lindsay-Agnew
5c38ee99,Morgan Andrews,Morgan Andrews,1995,https://fbref.com/en/players/5c38ee99/Morgan-Andrews
dc2f2a60,Maddie Bauer,Maddie Bauer,1995,https://fbref.com/en/players/dc2f2a60/Maddie-Bauer
48f7d47f,Cassidy Benintente,Cassidy Benintente,,https://fbref.com/en/players/48f7d47f/Cassidy-Benintente
2ffdd658,Bruna,Bruna,1985,https://fbref.com/en/players/2ffdd658/Bruna
c40fd1ac,Jane Campbell,Jane Campbell,1995,https://fbref.com/en/players/c40fd1ac/Jane-Campbell
ffa7c6a1,Cameron Castleberry,Cameron Castleberry,1995,https://fbref.com/en/players/ffa7c6a1/Cameron-Castleberry
1a95407f,Daphne Corboz,Daphne Corboz,1993,https://fbref.com/en/players/1a95407f/Daphne-Corboz
eddbb99b,Meghan Cox,Meghan Cox,1994,https://fbref.com/en/players/eddbb99b/Meghan-Cox
6d8cbb14,Larissa Crummer,Larissa Crummer,1996,https://fbref.com/en/players/6d8cbb14/Larissa-Crummer
85cea0cf,Debinha,Debinha,1991,https://fbref.com/en/players/85cea0cf/Debinha
173bcb80,Meggie Dougherty Howard,Meggie Dougherty Howard,1995,https://fbref.com/en/players/173bcb80/Meggie-Dougherty-Howard
6b15dfea,Hayley Dowd,Hayley Dowd,1994,https://fbref.com/en/players/6b15dfea/Hayley-Dowd
39bcb193,Nickolette Driesse,Nickolette Driesse,1994,https://fbref.com/en/players/39bcb193/Nickolette-Driesse
c3c6180c,Danica Evans,Danica Evans,1995,https://fbref.com/en/players/c3c6180c/Danica-Evans
e56b66f7,Claire Falknor,Claire Falknor,1993,https://fbref.com/en/players/e56b66f7/Claire-Falknor
6d6ba3a6,Caroline Flynn,Caroline Flynn,,https://fbref.com/en/players/6d6ba3a6/Caroline-Flynn
ee5355a7,Mandy Freeman,Mandy Freeman,1995,https://fbref.com/en/players/ee5355a7/Mandy-Freeman
f8a75539,Christina Gibbons,Christina Gibbons,1994,https://fbref.com/en/players/f8a75539/Christina-Gibbons
c8961c8d,Summer Green,Summer Green,1995,https://fbref.com/en/players/c8961c8d/Summer-Green
03e349d1,Emilie Haavi,Emilie Haavi,1992,https://fbref.com/en/players/03e349d1/Emilie-Haavi
42ecf0e8,DiDi Haracic,DiDi Haracic,1992,https://fbref.com/en/players/42ecf0e8/DiDi-Haracic
d2de2f84,Ashley Hatch,Ashley Hatch,1995,https://fbref.com/en/players/d2de2f84/Ashley-Hatch
025ba209,Ashley Herndon,Ashley Herndon,1994,https://fbref.com/en/players/025ba209/Ashley-Herndon
1d8b51dd,Rachel Hill,Rachel Hill,1995,https://fbref.com/en/players/1d8b51dd/Rachel-Hill
9bdcd8df,Nora Holstad Berge,Nora Holstad Berge,1987,https://fbref.com/en/players/9bdcd8df/Nora-Holstad-Berge
bc03c54d,Kelli Hubly,Kelli Hubly,1994,https://fbref.com/en/players/bc03c54d/Kelli-Hubly
a1158ec2,Katie Johnson,Katie Johnson,1994,https://fbref.com/en/players/a1158ec2/Katie-Johnson
61402751,Savannah Jordan,Savannah Jordan,1995,https://fbref.com/en/players/61402751/Savannah-Jordan
a3f361a8,Lauren Kaskie,Lauren Kaskie,1995,https://fbref.com/en/players/a3f361a8/Lauren-Kaskie
a8d493e3,Yuri Kawamura,Yuri Kawamura,1989,https://fbref.com/en/players/a8d493e3/Yuri-Kawamura
dcd6a67e,Rose Lavelle,Rose Lavelle,1995,https://fbref.com/en/players/dcd6a67e/Rose-Lavelle
bab2c5ab,Tyler Lussi,Tyler Lussi,1995,https://fbref.com/en/players/bab2c5ab/Tyler-Lussi
3857e361,Marta,Marta,1986,https://fbref.com/en/players/3857e361/Marta
7cb8a975,Kristen McNabb,Kristen McNabb,1994,https://fbref.com/en/players/7cb8a975/Kristen-McNabb
586d6dd8,McKenzie Meehan,McKenzie Meehan,1994,https://fbref.com/en/players/586d6dd8/McKenzie-Meehan
76718613,Kayla Mills,Kayla Mills,1995,https://fbref.com/en/players/76718613/Kayla-Mills
2051749e,Sydney Miramontez,Sydney Miramontez,1994,https://fbref.com/en/players/2051749e/Sydney-Miramontez
5b97f5ec,Yūki Nagasato,Yūki Nagasato,1987,https://fbref.com/en/players/5b97f5ec/Yuki-Nagasato
6d1e0c6b,Ifeoma Onumonu,Ifeoma Onumonu,1994,https://fbref.com/en/players/6d1e0c6b/Ifeoma-Onumonu
9c06c97c,Nichelle Prince,Nichelle Prince,1995,https://fbref.com/en/players/9c06c97c/Nichelle-Prince
ac3b98b3,Morgan Proffitt,Morgan Proffitt,1994,https://fbref.com/en/players/ac3b98b3/Morgan-Proffitt
4d595c03,Sammy Prudhomme,Sammy Prudhomme,1993,https://fbref.com/en/players/4d595c03/Sammy-Prudhomme
c94c70bc,Margaret Purce,Margaret Purce,1995,https://fbref.com/en/players/c94c70bc/Margaret-Purce
1f3379cf,Maegan Rosa,Maegan Rosa,1992,https://fbref.com/en/players/1f3379cf/Maegan-Rosa
2fa2317d,Rosana,Rosana,1982,https://fbref.com/en/players/2fa2317d/Rosana
f165f9e9,Madalyn Schiffel,Madalyn Schiffel,1994,https://fbref.com/en/players/f165f9e9/Madalyn-Schiffel
46b237d3,Kailen Sheridan,Kailen Sheridan,1995,https://fbref.com/en/players/46b237d3/Kailen-Sheridan
135bfabc,Arielle Ship,Arielle Ship,1995,https://fbref.com/en/players/135bfabc/Arielle-Ship
c2b6ba64,Rebekah Stott,Rebekah Stott,1993,https://fbref.com/en/players/c2b6ba64/Rebekah-Stott
70b0fd86,Mallory Swanson,Mallory Swanson,1998,https://fbref.com/en/players/70b0fd86/Mallory-Swanson
02d55515,Ashleigh Sykes,Ashleigh Sykes,1991,https://fbref.com/en/players/02d55515/Ashleigh-Sykes
c45765e1,Crystal Thomas,Crystal Thomas,1994,https://fbref.com/en/players/c45765e1/Crystal-Thomas
880f1d7e,Madison Tiernan,Madison Tiernan,1995,https://fbref.com/en/players/880f1d7e/Madison-Tiernan
3d580186,Rosie White,Rosie White,1993,https://fbref.com/en/players/3d580186/Rosie-White
23640ade,Janine van Wyk,Janine van Wyk,1987,https://fbref.com/en/players/23640ade/Janine-van-Wyk
86a01c81,Michaela Abam,Michaela Abam,1997,https://fbref.com/en/players/86a01c81/Michaela-Abam
b2def3da,Elizabeth Addo,Elizabeth Addo,1993,https://fbref.com/en/players/b2def3da/Elizabeth-Addo
eea3655d,Elizabeth Ball,Elizabeth Ball,1995,https://fbref.com/en/players/eea3655d/Elizabeth-Ball
44e20c64,Eliza Bona,Eliza Bona,,https://fbref.com/en/players/44e20c64/Eliza-Bona
a08ec16b,Emily Boyd,Emily Boyd,1996,https://fbref.com/en/players/a08ec16b/Emily-Boyd
c602ce2e,Bridget Callahan,Bridget Callahan,1996,https://fbref.com/en/players/c602ce2e/Bridget-Callahan
5f2af172,Ellie Carpenter,Ellie Carpenter,2000,https://fbref.com/en/players/5f2af172/Ellie-Carpenter
c453ae9b,Zoe Clark,Zoe Clark,1995,https://fbref.com/en/players/c453ae9b/Zoe-Clark
d3c316a3,Ana-Maria Crnogorčević,Ana-Maria Crnogorčević,1990,https://fbref.com/en/players/d3c316a3/Ana-Maria-Crnogorcevic
0640a277,Frannie Crouse,Frannie Crouse,1995,https://fbref.com/en/players/0640a277/Frannie-Crouse
92f8713a,Imani Dorsey,Imani Dorsey,1996,https://fbref.com/en/players/92f8713a/Imani-Dorsey
6e9716f6,Emily van Egmond,Emily van Egmond,1993,https://fbref.com/en/players/6e9716f6/Emily-van-Egmond
fcaf2074,Abby Elinsky,Abby Elinsky,1996,https://fbref.com/en/players/fcaf2074/Abby-Elinsky
64bf37f4,Mallory Eubanks,Mallory Eubanks,1996,https://fbref.com/en/players/64bf37f4/Mallory-Eubanks
9290a41c,Katrina Gorry,Katrina Gorry,1992,https://fbref.com/en/players/9290a41c/Katrina-Gorry
45cf25bf,Haley Hanson,Haley Hanson,1996,https://fbref.com/en/players/45cf25bf/Haley-Hanson
5747f555,Darian Jenkins,Darian Jenkins,1995,https://fbref.com/en/players/5747f555/Darian-Jenkins
81cca947,Jaycie Johnson,Jaycie Johnson,1995,https://fbref.com/en/players/81cca947/Jaycie-Johnson
b2ec0f9f,Kimberly Keever,Kimberly Keever,1995,https://fbref.com/en/players/b2ec0f9f/Kimberly-Keever
93c3ff48,Thembi Kgatlana,Thembi Kgatlana,1996,https://fbref.com/en/players/93c3ff48/Thembi-Kgatlana
23b17daa,Kaleigh Kurtz,Kaleigh Kurtz,1997,https://fbref.com/en/players/23b17daa/Kaleigh-Kurtz
2c4a9c2f,Veronica Latsko,Veronica Latsko,1995,https://fbref.com/en/players/2c4a9c2f/Veronica-Latsko
8546d3ab,Savannah McCaskill,Savannah McCaskill,1996,https://fbref.com/en/players/8546d3ab/Savannah-McCaskill
33938ce4,Linda Motlhalo,Linda Motlhalo,1998,https://fbref.com/en/players/33938ce4/Linda-Motlhalo
ebcbf991,Alli Murphy,Alli Murphy,1994,https://fbref.com/en/players/ebcbf991/Alli-Murphy
5b88e85b,Theresa Nielsen,Theresa Nielsen,1986,https://fbref.com/en/players/5b88e85b/Theresa-Nielsen
ee96f6f2,Amandine Pierre-Louis,Amandine Pierre-Louis,1995,https://fbref.com/en/players/ee96f6f2/Amandine-Pierre-Louis
beede7f7,Quinn,Quinn,1995,https://fbref.com/en/players/beede7f7/Quinn
7e19bccd,Andi Sullivan,Andi Sullivan,1995,https://fbref.com/en/players/7e19bccd/Andi-Sullivan
69eb9dbf,Thaisa,Thaisa,1988,https://fbref.com/en/players/69eb9dbf/Thaisa
c706f17a,Elise Thorsnes,Elise Thorsnes,1988,https://fbref.com/en/players/c706f17a/Elise-Thorsnes
64a66c52,Michele Vasconcelos,Michele Vasconcelos,1994,https://fbref.com/en/players/64a66c52/Michele-Vasconcelos
787e8bfd,Ryan Williams,Ryan Williams,1996,https://fbref.com/en/players/787e8bfd/Ryan-Williams
aefa7128,Erin Yenney,Erin Yenney,1992,https://fbref.com/en/players/aefa7128/Erin-Yenney
7115d595,Gunnhildur Yrsa Jónsdóttir,Gunnhildur Yrsa Jónsdóttir,1988,https://fbref.com/en/players/7115d595/Gunnhildur-Yrsa-Jonsdottir
7858f8fd,Jordan Baggett,Jordan Baggett,1996,https://fbref.com/en/players/7858f8fd/Jordan-Baggett
1b15d6a3,Dorian Bailey,Dorian Bailey,1997,https://fbref.com/en/players/1b15d6a3/Dorian-Bailey
0d502444,Bethany Balcer,Bethany Balcer,1997,https://fbref.com/en/players/0d502444/Bethany-Balcer
651a7715,Verónica Boquete,Verónica Boquete,1987,https://fbref.com/en/players/651a7715/Veronica-Boquete
750f75af,Joanna Boyles,Joanna Boyles,1995,https://fbref.com/en/players/750f75af/Joanna-Boyles
18eb71f2,Betsy Brandon,Betsy Brandon,1996,https://fbref.com/en/players/18eb71f2/Betsy-Brandon
35d8529c,Elaine Burdett,Elaine Burdett,1996,https://fbref.com/en/players/35d8529c/Elaine-Burdett
56c63126,Ariana Calderón,Ariana Calderón,1990,https://fbref.com/en/players/56c63126/Ariana-Calderon
78400c25,Simone Charley,Simone Charley,1995,https://fbref.com/en/players/78400c25/Simone-Charley
d2a21f98,Emily Curran,Emily Curran,1996,https://fbref.com/en/players/d2a21f98/Emily-Curran
543614ff,Tierna Davidson,Tierna Davidson,1998,https://fbref.com/en/players/543614ff/Tierna-Davidson
2021c04f,Marisa DiGrande,Marisa DiGrande,1997,https://fbref.com/en/players/2021c04f/Marisa-DiGrande
f2284088,Claire Emslie,Claire Emslie,1994,https://fbref.com/en/players/f2284088/Claire-Emslie
56d6c719,Marissa Everett,Marissa Everett,1997,https://fbref.com/en/players/56d6c719/Marissa-Everett
c832f248,Caitlin Farrell,Caitlin Farrell,1997,https://fbref.com/en/players/c832f248/Caitlin-Farrell
28814cc8,Bayley Feist,Bayley Feist,1997,https://fbref.com/en/players/28814cc8/Bayley-Feist
e43b277b,Sabrina Flores,Sabrina Flores,1996,https://fbref.com/en/players/e43b277b/Sabrina-Flores
0298dd35,Gabi,Gabi,1994,https://fbref.com/en/players/0298dd35/Gabi
754c7614,Zoey Goralski,Zoey Goralski,1995,https://fbref.com/en/players/754c7614/Zoey-Goralski
82577034,Erin Greening,Erin Greening,1997,https://fbref.com/en/players/82577034/Erin-Greening
2ce5ad3a,Amy Harrison,Amy Harrison,1996,https://fbref.com/en/players/2ce5ad3a/Amy-Harrison
caa748a7,Carlin Hudson,Carlin Hudson,1996,https://fbref.com/en/players/caa748a7/Carlin-Hudson
9151a63d,Julie James,Julie James,1996,https://fbref.com/en/players/9151a63d/Julie-James
221e8e04,Celia Jiménez,Celia Jiménez,1995,https://fbref.com/en/players/221e8e04/Celia-Jimenez
9ec6055c,Elise Kellond-Knight,Elise Kellond-Knight,1990,https://fbref.com/en/players/9ec6055c/Elise-Kellond-Knight
8e2a7ac1,Cecelia Kizer,Cecelia Kizer,1997,https://fbref.com/en/players/8e2a7ac1/Cecelia-Kizer
fd4f486f,Gina Lewandowski,Gina Lewandowski,1985,https://fbref.com/en/players/fd4f486f/Gina-Lewandowski
40a0bec9,Chloe Logarzo,Chloe Logarzo,1994,https://fbref.com/en/players/40a0bec9/Chloe-Logarzo
981ae7b1,Michelle Maemone,Michelle Maemone,1997,https://fbref.com/en/players/981ae7b1/Michelle-Maemone
72927bcb,Tegan McGrady,Tegan McGrady,1997,https://fbref.com/en/players/72927bcb/Tegan-McGrady
8ac698c6,Kayla McKenna,Kayla McKenna,1996,https://fbref.com/en/players/8ac698c6/Kayla-McKenna
08569d75,Lauren Milliet,Lauren Milliet,1996,https://fbref.com/en/players/08569d75/Lauren-Milliet
2625e415,Paige Monaghan,Paige Monaghan,1996,https://fbref.com/en/players/2625e415/Paige-Monaghan
493c384e,Casey Murphy,Casey Murphy,1996,https://fbref.com/en/players/493c384e/Casey-Murphy
20a0341e,Samantha Murphy,Samantha Murphy,1997,https://fbref.com/en/players/20a0341e/Samantha-Murphy
c519dc3a,Satara Murray,Satara Murray,1993,https://fbref.com/en/players/c519dc3a/Satara-Murray
bb31e506,Maddie Nolf,Maddie Nolf,1996,https://fbref.com/en/players/bb31e506/Maddie-Nolf
78d285e6,Madison Pogarch,Madison Pogarch,1997,https://fbref.com/en/players/78d285e6/Madison-Pogarch
fb42a249,Ally Prisock,Ally Prisock,1997,https://fbref.com/en/players/fb42a249/Ally-Prisock
6b0e56d4,Leah Pruitt,Leah Pruitt,1997,https://fbref.com/en/players/6b0e56d4/Leah-Pruitt
5f57dbb8,Morgan Reid,Morgan Reid,1995,https://fbref.com/en/players/5f57dbb8/Morgan-Reid
7d576830,Arianna Romero,Arianna Romero,1992,https://fbref.com/en/players/7d576830/Arianna-Romero
bd325738,Maria Sanchez,Maria Sanchez,1996,https://fbref.com/en/players/bd325738/Maria-Sanchez
e8f90dc9,Sophie Schmidt,Sophie Schmidt,1988,https://fbref.com/en/players/e8f90dc9/Sophie-Schmidt
51b6c880,Gabby Seiler,Gabby Seiler,1994,https://fbref.com/en/players/51b6c880/Gabby-Seiler
0ba36ee8,Kayla Sharples,Kayla Sharples,1997,https://fbref.com/en/players/0ba36ee8/Kayla-Sharples
d87f7c77,Julia Spetsmark,Julia Spetsmark,1989,https://fbref.com/en/players/d87f7c77/Julia-Spetsmark
9b763275,Samantha Staab,Samantha Staab,1997,https://fbref.com/en/players/9b763275/Samantha-Staab
d69947dc,Addison Steiner,Addison Steiner,,https://fbref.com/en/players/d69947dc/Addison-Steiner
9ece0fc4,Raisa Strom-Okimoto,Raisa Strom-Okimoto,1997,https://fbref.com/en/players/9ece0fc4/Raisa-Strom-Okimoto
12288a10,Jenna Szczesny,Jenna Szczesny,1997,https://fbref.com/en/players/12288a10/Jenna-Szczesny
33c8836b,Gaby Vincent,Gaby Vincent,1997,https://fbref.com/en/players/33c8836b/Gaby-Vincent
1ae9fd43,Kenie Wright,Kenie Wright,1997,https://fbref.com/en/players/1ae9fd43/Kenie-Wright
26f967a8,Shae Yanez,Shae Yanez,1997,https://fbref.com/en/players/26f967a8/Shae-Yanez
b03e80f6,Michelle Alozie,Michelle Alozie,1997,https://fbref.com/en/players/b03e80f6/Michelle-Alozie
49d6d4a8,Angelina,Angelina,2000,https://fbref.com/en/players/49d6d4a8/Angelina
b859a598,Chinyelu Asher,Chinyelu Asher,1993,https://fbref.com/en/players/b859a598/Chinyelu-Asher
d9bb5833,Julia Ashley,Julia Ashley,1996,https://fbref.com/en/players/d9bb5833/Julia-Ashley
9768ff7b,Taylor Aylmer,Taylor Aylmer,1998,https://fbref.com/en/players/9768ff7b/Taylor-Aylmer
54f9201c,Rylee Baisden,Rylee Baisden,1994,https://fbref.com/en/players/54f9201c/Rylee-Baisden
7c903a2d,Karen Bardsley,Karen Bardsley,1984,https://fbref.com/en/players/7c903a2d/Karen-Bardsley
eae2b0a1,Jorian Baucom,Jorian Baucom,1996,https://fbref.com/en/players/eae2b0a1/Jorian-Baucom
130c8e6e,Hannah Betfort,Hannah Betfort,1999,https://fbref.com/en/players/130c8e6e/Hannah-Betfort
76828205,Camryn Biegalski,Camryn Biegalski,1998,https://fbref.com/en/players/76828205/Camryn-Biegalski
73eb19a8,Bella Bixby,Bella Bixby,1995,https://fbref.com/en/players/73eb19a8/Bella-Bixby
930d5a13,Deneisha Blackwood,Deneisha Blackwood,1997,https://fbref.com/en/players/930d5a13/Deneisha-Blackwood
488a84df,Gemma Bonner,Gemma Bonner,1991,https://fbref.com/en/players/488a84df/Gemma-Bonner
a6a9dbe0,Sarah Bouhaddi,Sarah Bouhaddi,1986,https://fbref.com/en/players/a6a9dbe0/Sarah-Bouhaddi
b4a17233,Diane Caldwell,Diane Caldwell,1988,https://fbref.com/en/players/b4a17233/Diane-Caldwell
7ca7c385,Alana Cook,Alana Cook,1997,https://fbref.com/en/players/7ca7c385/Alana-Cook
69a5c1ae,Shirley Cruz,Shirley Cruz,1985,https://fbref.com/en/players/69a5c1ae/Shirley-Cruz
e9bd1db2,Jennifer Cudjoe,Jennifer Cudjoe,1994,https://fbref.com/en/players/e9bd1db2/Jennifer-Cudjoe
f0aeff93,Schuyler DeBree,Schuyler DeBree,1996,https://fbref.com/en/players/f0aeff93/Schuyler-DeBree
b6e16071,Ella Dederick,Ella Dederick,1996,https://fbref.com/en/players/b6e16071/Ella-Dederick
8cfb97f5,Kate Del Fava,Kate Del Fava,1998,https://fbref.com/en/players/8cfb97f5/Kate-Del-Fava
6071b9cc,Amanda Dennis,Amanda Dennis,1998,https://fbref.com/en/players/6071b9cc/Amanda-Dennis
d50b31a8,Hannah Diaz,Hannah Diaz,1996,https://fbref.com/en/players/d50b31a8/Hannah-Diaz
8a985938,Emina Ekic,Emina Ekic,1999,https://fbref.com/en/players/8a985938/Emina-Ekic
9d2c6180,Taylor Flint,Taylor Flint,1998,https://fbref.com/en/players/9d2c6180/Taylor-Flint
2eb9f54a,Emily Fox,Emily Fox,1998,https://fbref.com/en/players/2eb9f54a/Emily-Fox
f11bfc17,Machaela George,Machaela George,1997,https://fbref.com/en/players/f11bfc17/Machaela-George
876c8ede,Makamae Gomera-Stevens,Makamae Gomera-Stevens,1999,https://fbref.com/en/players/876c8ede/Makamae-Gomera-Stevens
16368450,Madison Hammond,Madison Hammond,1997,https://fbref.com/en/players/16368450/Madison-Hammond
d66d6128,Ally Haran,Ally Haran,1996,https://fbref.com/en/players/d66d6128/Ally-Haran
655d2b08,Lindsey Harris,Lindsey Harris,1993,https://fbref.com/en/players/655d2b08/Lindsey-Harris
39281f0d,Kelcie Hedge,Kelcie Hedge,1997,https://fbref.com/en/players/39281f0d/Kelcie-Hedge
b7dd09b9,Anna Heilferty,Anna Heilferty,1999,https://fbref.com/en/players/b7dd09b9/Anna-Heilferty
ab662bbc,Brooke Hendrix,Brooke Hendrix,1993,https://fbref.com/en/players/ab662bbc/Brooke-Hendrix
ec30b0a3,Allie Hess,Allie Hess,1996,https://fbref.com/en/players/ec30b0a3/Allie-Hess
eb036ce5,Samantha Hiatt,Samantha Hiatt,1998,https://fbref.com/en/players/eb036ce5/Samantha-Hiatt
c942bc07,Natalie Jacobs,Natalie Jacobs,1997,https://fbref.com/en/players/c942bc07/Natalie-Jacobs
6444e5a0,Angharad James,Angharad James,1994,https://fbref.com/en/players/6444e5a0/Angharad-James
c4955f6c,Vanessa Kara,Vanessa Kara,1996,https://fbref.com/en/players/c4955f6c/Vanessa-Kara
c5f5fc93,Abi Kim,Abi Kim,1998,https://fbref.com/en/players/c5f5fc93/Abi-Kim
679eda9b,Tziarra King,Tziarra King,1998,https://fbref.com/en/players/679eda9b/Tziarra-King
42325547,Natalia Kuikka,Natalia Kuikka,1995,https://fbref.com/en/players/42325547/Natalia-Kuikka
09411c68,Mariana Larroquette,Mariana Larroquette,1992,https://fbref.com/en/players/09411c68/Mariana-Larroquette
1139a223,Eugénie Le Sommer,Eugénie Le Sommer,1989,https://fbref.com/en/players/1139a223/Eugenie-Le-Sommer
7e23ee28,Taylor Leach,Taylor Leach,1992,https://fbref.com/en/players/7e23ee28/Taylor-Leach
8717208c,Jordyn Listro,Jordyn Listro,1995,https://fbref.com/en/players/8717208c/Jordyn-Listro
6a17de86,Jimena López,Jimena López,1999,https://fbref.com/en/players/6a17de86/Jimena-Lopez
66b3643f,Sarah Luebbert,Sarah Luebbert,1997,https://fbref.com/en/players/66b3643f/Sarah-Luebbert
e70a7484,Katie Lund,Katie Lund,1996,https://fbref.com/en/players/e70a7484/Katie-Lund
388948a7,Hailie Mace,Hailie Mace,1997,https://fbref.com/en/players/388948a7/Hailie-Mace
dd841e78,Dzsenifer Marozsán,Dzsenifer Marozsán,1992,https://fbref.com/en/players/dd841e78/Dzsenifer-Marozsan
b26a8c1f,Nealy Martin,Nealy Martin,1998,https://fbref.com/en/players/b26a8c1f/Nealy-Martin
0da5f5b6,Addie McCain,Addie McCain,1999,https://fbref.com/en/players/0da5f5b6/Addie-McCain
f02cb699,Phoebe McClernon,Phoebe McClernon,1997,https://fbref.com/en/players/f02cb699/Phoebe-McClernon
89fbca3f,Katie McClure,Katie McClure,1998,https://fbref.com/en/players/89fbca3f/Katie-McClure
36355319,Amanda McGlynn,Amanda McGlynn,1998,https://fbref.com/en/players/36355319/Amanda-McGlynn
2d8ec240,Tara McKeown,Tara McKeown,1999,https://fbref.com/en/players/2d8ec240/Tara-McKeown
8844d594,Addisyn Merrick,Addisyn Merrick,1998,https://fbref.com/en/players/8844d594/Addisyn-Merrick
db1957b4,Tatumn Milazzo,Tatumn Milazzo,1998,https://fbref.com/en/players/db1957b4/Tatumn-Milazzo
6946f9d4,Cassie Miller,Cassie Miller,1995,https://fbref.com/en/players/6946f9d4/Cassie-Miller
29355aaf,Sinclaire Miramontez,Sinclaire Miramontez,1998,https://fbref.com/en/players/29355aaf/Sinclaire-Miramontez
981cf9db,Zoe Morse,Zoe Morse,1998,https://fbref.com/en/players/981cf9db/Zoe-Morse
3ee50ac6,Olivia Moultrie,Olivia Moultrie,2005,https://fbref.com/en/players/3ee50ac6/Olivia-Moultrie
4d1202ca,Meaghan Nally,Meaghan Nally,1998,https://fbref.com/en/players/4d1202ca/Meaghan-Nally
e8b6acbb,Carly Nelson,Carly Nelson,1998,https://fbref.com/en/players/e8b6acbb/Carly-Nelson
6ce1049b,Freja Olofsson,Freja Olofsson,1998,https://fbref.com/en/players/6ce1049b/Freja-Olofsson
d4cf6b21,Taylor Otto,Taylor Otto,1997,https://fbref.com/en/players/d4cf6b21/Taylor-Otto
05d6a62d,Courtney Petersen,Courtney Petersen,1997,https://fbref.com/en/players/05d6a62d/Courtney-Petersen
938dc3a8,Kiki Pickett,Kiki Pickett,1999,https://fbref.com/en/players/938dc3a8/Kiki-Pickett
28197d4c,Victoria Pickett,Victoria Pickett,1996,https://fbref.com/en/players/28197d4c/Victoria-Pickett
57045f36,Brianna Pinto,Brianna Pinto,2000,https://fbref.com/en/players/57045f36/Brianna-Pinto
cb4727f2,Konya Plummer,Konya Plummer,1997,https://fbref.com/en/players/cb4727f2/Konya-Plummer
3fd67fb6,Taylor Porter,Taylor Porter,1997,https://fbref.com/en/players/3fd67fb6/Taylor-Porter
01e11f77,Andrea Rán Hauksdóttir,Andrea Rán Hauksdóttir,1996,https://fbref.com/en/players/01e11f77/Andrea-Ran-Hauksdottir
c99616d8,Kaleigh Riehl,Kaleigh Riehl,1996,https://fbref.com/en/players/c99616d8/Kaleigh-Riehl
c65fc5cf,Ali Riley,Ali Riley,1987,https://fbref.com/en/players/c65fc5cf/Ali-Riley
303cf6f1,Parker Roberts,Parker Roberts,1997,https://fbref.com/en/players/303cf6f1/Parker-Roberts
917838ed,Julia Roddar,Julia Roddar,1992,https://fbref.com/en/players/917838ed/Julia-Roddar
74911ec6,Trinity Rodman,Trinity Rodman,2002,https://fbref.com/en/players/74911ec6/Trinity-Rodman
da039d06,Karina Rodriguez,Karina Rodriguez,1999,https://fbref.com/en/players/da039d06/Karina-Rodriguez
22502cce,Yazmeen Ryan,Yazmeen Ryan,1999,https://fbref.com/en/players/22502cce/Yazmeen-Ryan
63667d66,Ebony Salmon,Ebony Salmon,2001,https://fbref.com/en/players/63667d66/Ebony-Salmon
9ced946b,Ashley Sanchez,Ashley Sanchez,1999,https://fbref.com/en/players/9ced946b/Ashley-Sanchez
ef032510,Delanie Sheehan,Delanie Sheehan,1999,https://fbref.com/en/players/ef032510/Delanie-Sheehan
cd6a0894,Jéssica Silva,Jéssica Silva,1994,https://fbref.com/en/players/cd6a0894/Jessica-Silva
af9a233a,Lee So-dam,Lee So-dam,1994,https://fbref.com/en/players/af9a233a/Lee-So-dam
ce77fcdb,Mariana Speckmaier,Mariana Speckmaier,1997,https://fbref.com/en/players/ce77fcdb/Mariana-Speckmaier
271e0873,Bianca St-Georges,Bianca St-Georges,1997,https://fbref.com/en/players/271e0873/Bianca-St-Georges
268a4e22,Ella Stevens,Ella Stevens,1997,https://fbref.com/en/players/268a4e22/Ella-Stevens
602ba0c3,Saori Takarada,Saori Takarada,1999,https://fbref.com/en/players/602ba0c3/Saori-Takarada
8a91b0e9,Gaëtane Thiney,Gaëtane Thiney,1985,https://fbref.com/en/players/8a91b0e9/Gaetane-Thiney
3cbb2e2c,Phallon Tullis-Joyce,Phallon Tullis-Joyce,1996,https://fbref.com/en/players/3cbb2e2c/Phallon-Tullis-Joyce
a21edf38,Amy Turner,Amy Turner,1991,https://fbref.com/en/players/a21edf38/Amy-Turner
5805fc7c,Evelyne Viens,Evelyne Viens,1997,https://fbref.com/en/players/5805fc7c/Evelyne-Viens
bbdfa558,Brianna Visalli,Brianna Visalli,1995,https://fbref.com/en/players/bbdfa558/Brianna-Visalli
1a283251,Chelsee Washington,Chelsee Washington,1997,https://fbref.com/en/players/1a283251/Chelsee-Washington
56d5fb23,Ally Watt,Ally Watt,1997,https://fbref.com/en/players/56d5fb23/Ally-Watt
a244d14b,Morgan Weaver,Morgan Weaver,1997,https://fbref.com/en/players/a244d14b/Morgan-Weaver
a4568174,Sophia Wilson,Sophia Wilson,2000,https://fbref.com/en/players/a4568174/Sophia-Wilson
54c9617f,Kumi Yokoyama,Kumi Yokoyama,1993,https://fbref.com/en/players/54c9617f/Kumi-Yokoyama
